<modification>
	<name>Opencart Progressive Web Application</name>
	<code>progressive_web_application</code>
	<version>1.0</version>
	<author>Todor Donev</author>
	<link>https://donev.eu/</link>

	<!-- catalog/controller/common/header.php -->
	<file error="log" path="catalog/controller/common/header.php">
		<operation error="log">
			<search><![CDATA[public function index() {]]></search>
			<add position="after"><![CDATA[
				$this->load->model('setting/setting');
				$get_pwa_settings = $this->model_setting_setting->getSetting('progressive_web_application', (int) $this->config->get('config_store_id'));
				$settings         = isset($get_pwa_settings['progressive_web_application_status'])?$get_pwa_settings['progressive_web_application_status']:false;
				
				if ($settings and $settings['status'] and $settings['preloader_status'] and isset($settings['long_name'][$this->config->get('config_language_id')]) and isset($settings['short_name'][$this->config->get('config_language_id')]) and isset($settings['description'][$this->config->get('config_language_id')])) {

					$data['preloader_status'] = true;
					$data['preloader_fadeout'] = $settings['preloader_fadeout'];
				
				}
				]]></add>
			</operation>
		</file>

		<!-- catalog/view/theme/*/template/common/header.tpl -->
		<file error="log" path="catalog/view/theme/*/template/common/header.tpl">
			<operation error="log">
				<search><![CDATA[<body]]></search>
				<add position="after"><![CDATA[<?php if (isset($preloader_status)) {  ?>
<script type="text/javascript" async>
	async function async_body_preloader() { if(window.jQuery) { $('body').addClass('pwa-loading'); } } function start_async_body_preloader() {return async_body_preloader();} (async() => {await start_async_body_preloader();})();</script>
<div id="pwa-holder"><div id="pwa-preloader"><div></div><div></div><div></div><div></div><div></div><div></div><div></div><div></div><div></div><div></div></div></div>
<?php } ?>]]></add>
			</operation>
			</file>
</modification>
