<?xml version="1.0" encoding="utf-8"?>
<!--index dimulai dari 0, offset dimulai dari 1-->
<modification>
  <code>Hide_Price_etc_for_plusdesoins</code>
  <name>Hide Price etc for plusdesoins</name>
  <version>1.0</version>
  <author>farid</author>
  <link>mail:opencartplugin@gmail.com</link>
  <file path="catalog/view/theme/tt_madina2/template/product/product.twig">
    <operation>
      <search><![CDATA[{{ header }}]]></search>
      <add position="after">
        <![CDATA[
        <!--frd-->
        <style type="text/css">
            .product-info-details ul.list-unstyled li {
            font-size: larger;
            }
            .product-info-details #product .form-group .control-label {
            font-size: larger;
            }
            .product-info-details #product .form-group .form-control {
                font-size: larger;
                height: 45px;
                width: auto;
            }
            .product-info-details .price {
                display: none;
            }
            p.opt_price {
                font-size: x-large;
            }
            p.opt_price::after {
            content: " $";
            }
        </style>
        ]]>
      </add>
    </operation>
    <operation>
      <search><![CDATA[({{ option_value.price_prefix }}{{ option_value.price }})]]></search>
      <add position="replace"><![CDATA[({{ option_value.price_prefix }}{{ option_value.price }} $<!--frd-->)]]></add>
    </operation>
  </file>
  <file path="catalog/controller/checkout/confirm.php">
    <operation>
      <search><![CDATA['value' => (utf8_strlen($value) > 20 ? utf8_substr($value, 0, 20) . '..' : $value)]]></search>
      <add position="after"><![CDATA[,'model' => $option['model'] //frd]]></add>
    </operation>
  </file>
  
  <file path="catalog/controller/checkout/cart.php">
    <operation>
      <search><![CDATA['value' => (utf8_strlen($value) > 20 ? utf8_substr($value, 0, 20) . '..' : $value)]]></search>
      <add position="after"><![CDATA[,'model' => $option['model'] //frd]]></add>
    </operation>
  </file>
  <file path="catalog/view/theme/default/template/checkout/confirm.twig">
    <operation>
      <search><![CDATA[&nbsp;<small> - {{ option.name }}: {{ option.value }}</small> {% endfor %}]]></search>
      <add position="replace"><![CDATA[&nbsp;<small> - {{ option.name }}: {{ option.value }}<!--frd--><br>&nbsp;&nbsp;&nbsp;&nbsp;{{option.model }}<!--frd--></small> {% endfor %}]]></add>
    </operation>
  </file>
  <file path="catalog/view/theme/default/template/checkout/cart.twig">
    <operation>
      <search><![CDATA[<small>{{ option.name }}: {{ option.value }}</small> {% endfor %}]]></search>
      <add position="replace"><![CDATA[<small>{{ option.name }}: {{ option.value }}<!--frd--><br>{{ option.model }}<!--frd--></small> {% endfor %}]]></add>
    </operation>
  </file>
  <file path="catalog/view/theme/tt_madina2/template/plaza/search/ajaxresult.twig">
    <operation>
      <search><![CDATA[<p class="price">]]></search>
      <add position="replace"><![CDATA[<p class="price" style="display: none;">]]></add>
    </operation>
  </file>
  <file path="system/library/cart/cart.php">
    <operation>
      <search><![CDATA['weight_prefix'           => $option_value_query->row['weight_prefix']]]></search>
      <add position="after"><![CDATA[/*frd*/, 'model' => $option_value_query->row['model']]]></add>
    </operation>
    <operation>
      <search regex="true"><![CDATA[~(\$option_value_query.+)(pov\.weight_prefix)(.+)~]]></search>
      <add position="replace"><![CDATA[$1$2/*frd*/, pov.model/*frd*/$3]]></add>
    </operation>
  </file>

  <!--  
  <file path="">
    <operation>
      <search><![CDATA[]]></search>
      <add position="after"><![CDATA[]]></add>
    </operation>
  </file>
  -->  
</modification>
