<?xml version="1.0" encoding="UTF-8"?>
<!--
##==========================================##
## @author    : OCdevWizard                 ##
## @contact   : ocdevwizard@gmail.com       ##
## @support   : http://help.ocdevwizard.com ##
## @copyright : (c) OCdevWizard. Cart, 2017 ##
##==========================================##
-->
<modification>
  <id>OCdevWizard: Cart</id>
  <version>1.1.1</version>
  <vqmver required="true">2.4.0</vqmver>
  <author>ocdevwizard@gmail.com</author>
  <!-- admin area -->
  <file name="admin/controller/user/user_permission.php">
    <operation error="skip">
      <search position="before"><![CDATA[$this->template = 'user/user_group_form.tpl';]]></search>
      <add><![CDATA[
      // start: OCdevWizard Helper
      $this->data['permissions'][] = 'extension/ocdevwizard/cart';
      // end: OCdevWizard Helper
      ]]></add>
    </operation>
  </file>
  <file name="admin/controller/common/home.php">
    <operation error="skip">
      <search position="before"><![CDATA[if (!in_array($route, $ignore) && !$this->user->hasPermission('access', $route)) {]]></search>
      <add><![CDATA[
      // start: OCdevWizard Cart
      if ($this->request->get['route'] == 'extension/ocdevwizard/cart' || preg_match('/extension\/ocdevwizard\/cart/', $this->request->get['route'])) {
        $route = 'extension/ocdevwizard/cart';
      }
      // end: OCdevWizard Cart
      ]]></add>
    </operation>
    <operation error="skip">
      <search position="after"><![CDATA[public function index() {]]></search>
      <add><![CDATA[
      // start: OCdevWizard Cart
      if ($this->user->hasPermission('access', 'extension/ocdevwizard/cart')) {
        $this->load->model('extension/ocdevwizard/helper');
        $ocdw_cart_form_data = (array)$this->model_extension_ocdevwizard_helper->getSettingData('cart_form_data', (int)$this->config->get('config_store_id'));

        if (isset($ocdw_cart_form_data['activate']) && $ocdw_cart_form_data['activate'] && $ocdw_cart_form_data['show_on_dashboard']) {
          $this->data['ocdw_cart_widget'] = $this->getChild('extension/ocdevwizard/cart/widget');
        }
      }
      // end: OCdevWizard Cart
      ]]></add>
    </operation>
  </file>
  <file name="admin/view/template/common/home.tpl">
    <operation error="skip">
      <search position="before"><![CDATA[<div class="latest">]]></search>
      <add><![CDATA[
      <?php if (isset($ocdw_cart_widget)) { ?>
      <!-- start: OCdevWizard Cart -->
      <?php echo $ocdw_cart_widget; ?>
      <!-- end: OCdevWizard Cart -->
      <?php } ?>
      ]]></add>
    </operation>
  </file>
  <file name="admin/controller/common/header.php">
    <operation error="skip">
      <search position="before"><![CDATA[$this->template = 'common/header.tpl';]]></search>
      <add><![CDATA[
      // start: OCdevWizard Cart
        if ($this->user->hasPermission('access', 'extension/ocdevwizard/cart')) {
          $this->load->model('extension/ocdevwizard/cart');
          $this->model_extension_ocdevwizard_cart->createDBTables();
        }
        // end: OCdevWizard Cart
      ]]></add>
    </operation>
  </file>
  <!-- catalog area -->
  <file name="catalog/controller/common/header.php">
    <operation error="skip">
      <search position="before"><![CDATA[protected function index() {]]></search>
      <add><![CDATA[
      // start: OCdevWizard Cart
        public function ocdw_cart_js_create($data) {
          if ($data) {
            $script = (file_exists(DIR_APPLICATION.'view/javascript/ocdevwizard/cart/source.ocdw')) ? file_get_contents(DIR_APPLICATION.'view/javascript/ocdevwizard/cart/source.ocdw') : '';

            $selectors_module_call_array = explode('\r\n', stripslashes($data['selector_module_call']));
            $selectors_module_call = '';

            if ($selectors_module_call_array && $data['selector_module_call_status'] && in_array($data['display_type'], ['1','2'])) {
              foreach ($selectors_module_call_array as $result) {
                $selectors_module_call .= html_entity_decode($result)."\r\n";
              }
            }

            $routes_module_call_array = explode('\r\n', stripslashes($data['route_module_call']));
            $routes_module_call = '';

            if ($routes_module_call_array && $data['route_module_call_status'] && in_array($data['display_type'], ['1','2'])) {
              foreach ($routes_module_call_array as $result) {
                $routes_module_call .= html_entity_decode($result)."\r\n";
              }
            }

            $selectors_cart_update_array = explode('\r\n', stripslashes($data['selector_cart_update']));
            $selectors_cart_update = '';

            if ($selectors_cart_update_array) {
              foreach ($selectors_cart_update_array as $result) {
                $selectors_cart_update .= html_entity_decode($result)."\r\n";
              }
            }

            $find = [
              '{_name}',
              '{_code}',
              '{popup_background_type}',
              '{popup_close_on_content_click}',
              '{popup_close_on_bg_click}',
              '{popup_close_btn_inside}',
              '{popup_close_on_escape_key}',
              '{popup_align_top}',
              '{popup_animation_type}',
              '{loader_color}',
              '{style_background}',
              '{style_color}',
              '{background_opacity}',
              '{flatpickr_close_type}',
              '{main_product_id_selector}',
              '{display_type}',
              '{sidebar_type}',
              '{route_to_system_add_method}',
              '{selectors_module_call}',
              '{routes_module_call}',
              '{selectors_cart_update}',
              '{add_function_selector}',
              '{add_id_selector}',
              '{action_on_product_with_options}'
            ];

            $replace = [
              'cart',
              'ocdw_cart',
              $data['popup_background_type'],
              $data['popup_close_on_content_click'],
              $data['popup_close_on_bg_click'],
              $data['popup_close_btn_inside'],
              $data['popup_close_on_escape_key'],
              $data['popup_align_top'],
              $data['popup_animation_type'],
              $data['loader_color'],
              $data['style_background'],
              $data['style_color'],
              $data['background_opacity'],
              $data['flatpickr_close_type'],
              $data['main_product_id_selector'],
              $data['display_type'],
              $data['sidebar_type'],
              $data['route_to_system_add_method'],
              $selectors_module_call,
              $routes_module_call,
              $selectors_cart_update,
              json_encode(explode(',',$data['add_function_selector'])),
              json_encode(explode(',',$data['add_id_selector'])),
              $data['action_on_product_with_options']
            ];

            $script = str_replace($find, $replace, $script);

            if ($data['minify_main_js']) {
              $script = preg_replace('!/\*[^*]*\*+([^/][^*]*\*+)*/!', '', $script);
              if ($data['minify_main_js'] == 1) {
                $script = str_replace(array("\r\n", "\r"), "\n", $script);
              } else {
                $script = str_replace(array("\r\n", "\r"), "", $script);
              }
              $script = preg_replace('/[^\S\n]+/', ' ', $script);
              $script = str_replace(array(" \n", "\n "), "\n", $script);
              $script = preg_replace('/\n+/', "\n", $script);
              $script = str_replace(': ', ':', $script);
              $script = preg_replace(array('(( )+{)','({( )+)'), '{', $script);
              $script = preg_replace(array('(( )+})','(}( )+)','(;( )*})'), '}', $script);
              $script = preg_replace(array('(;( )+)','(( )+;)'), ';', $script);
              $script = str_replace(array(' {',' }','{ ','; '),array('{','}','{',';'), $script);
            }

            if (is_dir(DIR_APPLICATION.'view/javascript/ocdevwizard/cart')) {
              if (!file_exists(DIR_APPLICATION.'view/javascript/ocdevwizard/cart/main.js')) {
                file_put_contents(DIR_APPLICATION.'view/javascript/ocdevwizard/cart/main.js', $script);
              }
            } else {
              mkdir(DIR_APPLICATION.'view/javascript/ocdevwizard/cart', 0755);
              file_put_contents(DIR_APPLICATION.'view/javascript/ocdevwizard/cart/main.js', $script);
            }
          }
        }
        // end: OCdevWizard Cart
      ]]></add>
    </operation>
    <operation error="skip">
      <search position="after"><![CDATA[protected function index() {]]></search>
      <add><![CDATA[
      // start: OCdevWizard Cart
        $this->load->model('extension/ocdevwizard/helper');

        $ocdw_cart_form_data = $this->model_extension_ocdevwizard_helper->getSettingData('cart_form_data', (int)$this->config->get('config_store_id'));

        if (isset($ocdw_cart_form_data['activate']) && $ocdw_cart_form_data['activate']) {
          $this->document->addStyle("catalog/view/theme/default/stylesheet/ocdevwizard/cart/stylesheet.css");

          $this->load->model('extension/ocdevwizard/cart');

          $language_id = $this->model_extension_ocdevwizard_cart->getLanguageIdByCode($this->session->data['language']);

          if (isset($ocdw_cart_form_data['direction_type'][$language_id]) && $ocdw_cart_form_data['direction_type'][$language_id] == '2') {
            $this->document->addStyle("catalog/view/theme/default/stylesheet/ocdevwizard/cart/stylesheet_rtl.css");
          }

          $this->ocdw_cart_js_create($ocdw_cart_form_data);

          if (file_exists(DIR_APPLICATION.'view/javascript/ocdevwizard/cart/main.js')) {
            $this->document->addScript("catalog/view/javascript/ocdevwizard/cart/main.js?v=".$ocdw_cart_form_data['front_module_version']);
          }
        }
        // end: OCdevWizard Cart
      ]]></add>
    </operation>
  </file>
  <file name="catalog/controller/common/column_left.php">
    <operation error="skip">
      <search position="before"><![CDATA[$module_data = array();]]></search>
      <add><![CDATA[
      // start: OCdevWizard Cart
      $this->load->model('extension/ocdevwizard/helper');

      $ocdw_cart_form_data = $this->model_extension_ocdevwizard_helper->getSettingData('cart_form_data', (int)$this->config->get('config_store_id'));

      $ocdw_cart_status = 0;

      if (isset($ocdw_cart_form_data['activate']) && $ocdw_cart_form_data['activate']) {
        $ocdw_cart_status = 1;

        $this->load->model('extension/ocdevwizard/cart');
      }
      // end: OCdevWizard Cart
      ]]></add>
    </operation>
    <operation error="skip">
      <search position="before"><![CDATA[foreach ($extensions as $extension) {]]></search>
      <add><![CDATA[
      // start: OCdevWizard Cart
      if (isset($ocdw_cart_status) && $ocdw_cart_status) {
        $ocdw_cart_modules = $this->model_extension_ocdevwizard_cart->getModules($layout_id, 'column_left');

        if ($ocdw_cart_modules) {
          foreach ($ocdw_cart_modules as $ocdw_cart_module) {
            $module_data[] = array(
              'code'       => $ocdw_cart_module['code'],
              'sort_order' => $ocdw_cart_module['sort_order']
            );
          }
        }
      }
      // end: OCdevWizard Cart
      ]]></add>
    </operation>
    <operation error="skip">
      <search position="replace"><![CDATA[$module = $this->getChild('module/' . $module['code'], $module['setting']);]]></search>
      <add><![CDATA[
      // start: OCdevWizard Cart
      $ocdw_cart_code = explode('.',$module['code']);

		  if (isset($ocdw_cart_status) && $ocdw_cart_status && ((isset($ocdw_cart_code[0]) && isset($ocdw_cart_code[1])) && $ocdw_cart_code[1] && $ocdw_cart_code[0] == 'ocdw_cart')) {
		    $module = $this->getChild('extension/ocdevwizard/cart/module', $ocdw_cart_form_data);
      } else {
		    $module = $this->getChild('module/' . $module['code'], $module['setting']);
      }
      // end: OCdevWizard Cart
      ]]></add>
    </operation>
  </file>
  <file name="catalog/controller/common/column_right.php">
    <operation error="skip">
      <search position="before"><![CDATA[$module_data = array();]]></search>
      <add><![CDATA[
      // start: OCdevWizard Cart
      $this->load->model('extension/ocdevwizard/helper');

      $ocdw_cart_form_data = $this->model_extension_ocdevwizard_helper->getSettingData('cart_form_data', (int)$this->config->get('config_store_id'));

      $ocdw_cart_status = 0;

      if (isset($ocdw_cart_form_data['activate']) && $ocdw_cart_form_data['activate']) {
        $ocdw_cart_status = 1;

        $this->load->model('extension/ocdevwizard/cart');
      }
      // end: OCdevWizard Cart
      ]]></add>
    </operation>
    <operation error="skip">
      <search position="before"><![CDATA[foreach ($extensions as $extension) {]]></search>
      <add><![CDATA[
      // start: OCdevWizard Cart
      if (isset($ocdw_cart_status) && $ocdw_cart_status) {
        $ocdw_cart_modules = $this->model_extension_ocdevwizard_cart->getModules($layout_id, 'column_right');

        if ($ocdw_cart_modules) {
          foreach ($ocdw_cart_modules as $ocdw_cart_module) {
            $module_data[] = array(
              'code'       => $ocdw_cart_module['code'],
              'sort_order' => $ocdw_cart_module['sort_order']
            );
          }
        }
      }
      // end: OCdevWizard Cart
      ]]></add>
    </operation>
    <operation error="skip">
      <search position="replace"><![CDATA[$module = $this->getChild('module/' . $module['code'], $module['setting']);]]></search>
      <add><![CDATA[
      // start: OCdevWizard Cart
      $ocdw_cart_code = explode('.',$module['code']);

		  if (isset($ocdw_cart_status) && $ocdw_cart_status && ((isset($ocdw_cart_code[0]) && isset($ocdw_cart_code[1])) && $ocdw_cart_code[1] && $ocdw_cart_code[0] == 'ocdw_cart')) {
		    $module = $this->getChild('extension/ocdevwizard/cart/module', $ocdw_cart_form_data);
      } else {
		    $module = $this->getChild('module/' . $module['code'], $module['setting']);
      }
      // end: OCdevWizard Cart
      ]]></add>
    </operation>
  </file>
  <file name="catalog/controller/common/content_top.php">
    <operation error="skip">
      <search position="before"><![CDATA[$module_data = array();]]></search>
      <add><![CDATA[
      // start: OCdevWizard Cart
      $this->load->model('extension/ocdevwizard/helper');

      $ocdw_cart_form_data = $this->model_extension_ocdevwizard_helper->getSettingData('cart_form_data', (int)$this->config->get('config_store_id'));

      $ocdw_cart_status = 0;

      if (isset($ocdw_cart_form_data['activate']) && $ocdw_cart_form_data['activate']) {
        $ocdw_cart_status = 1;

        $this->load->model('extension/ocdevwizard/cart');
      }
      // end: OCdevWizard Cart
      ]]></add>
    </operation>
    <operation error="skip">
      <search position="before"><![CDATA[foreach ($extensions as $extension) {]]></search>
      <add><![CDATA[
      // start: OCdevWizard Cart
      if (isset($ocdw_cart_status) && $ocdw_cart_status) {
        $ocdw_cart_modules = $this->model_extension_ocdevwizard_cart->getModules($layout_id, 'content_top');

        if ($ocdw_cart_modules) {
          foreach ($ocdw_cart_modules as $ocdw_cart_module) {
            $module_data[] = array(
              'code'       => $ocdw_cart_module['code'],
              'sort_order' => $ocdw_cart_module['sort_order']
            );
          }
        }
      }
      // end: OCdevWizard Cart
      ]]></add>
    </operation>
    <operation error="skip">
      <search position="replace"><![CDATA[$module = $this->getChild('module/' . $module['code'], $module['setting']);]]></search>
      <add><![CDATA[
      // start: OCdevWizard Cart
      $ocdw_cart_code = explode('.',$module['code']);

		  if (isset($ocdw_cart_status) && $ocdw_cart_status && ((isset($ocdw_cart_code[0]) && isset($ocdw_cart_code[1])) && $ocdw_cart_code[1] && $ocdw_cart_code[0] == 'ocdw_cart')) {
		    $module = $this->getChild('extension/ocdevwizard/cart/module', $ocdw_cart_form_data);
      } else {
		    $module = $this->getChild('module/' . $module['code'], $module['setting']);
      }
      // end: OCdevWizard Cart
      ]]></add>
    </operation>
  </file>
  <file name="catalog/controller/common/content_bottom.php">
    <operation error="skip">
      <search position="before"><![CDATA[$module_data = array();]]></search>
      <add><![CDATA[
      // start: OCdevWizard Cart
      $this->load->model('extension/ocdevwizard/helper');

      $ocdw_cart_form_data = $this->model_extension_ocdevwizard_helper->getSettingData('cart_form_data', (int)$this->config->get('config_store_id'));

      $ocdw_cart_status = 0;

      if (isset($ocdw_cart_form_data['activate']) && $ocdw_cart_form_data['activate']) {
        $ocdw_cart_status = 1;

        $this->load->model('extension/ocdevwizard/cart');
      }
      // end: OCdevWizard Cart
      ]]></add>
    </operation>
    <operation error="skip">
      <search position="before"><![CDATA[foreach ($extensions as $extension) {]]></search>
      <add><![CDATA[
      // start: OCdevWizard Cart
      if (isset($ocdw_cart_status) && $ocdw_cart_status) {
        $ocdw_cart_modules = $this->model_extension_ocdevwizard_cart->getModules($layout_id, 'content_bottom');

        if ($ocdw_cart_modules) {
          foreach ($ocdw_cart_modules as $ocdw_cart_module) {
            $module_data[] = array(
              'code'       => $ocdw_cart_module['code'],
              'sort_order' => $ocdw_cart_module['sort_order']
            );
          }
        }
      }
      // end: OCdevWizard Cart
      ]]></add>
    </operation>
    <operation error="skip">
      <search position="replace"><![CDATA[$module = $this->getChild('module/' . $module['code'], $module['setting']);]]></search>
      <add><![CDATA[
      // start: OCdevWizard Cart
      $ocdw_cart_code = explode('.',$module['code']);

		  if (isset($ocdw_cart_status) && $ocdw_cart_status && ((isset($ocdw_cart_code[0]) && isset($ocdw_cart_code[1])) && $ocdw_cart_code[1] && $ocdw_cart_code[0] == 'ocdw_cart')) {
		    $module = $this->getChild('extension/ocdevwizard/cart/module', $ocdw_cart_form_data);
      } else {
		    $module = $this->getChild('module/' . $module['code'], $module['setting']);
      }
      // end: OCdevWizard Cart
      ]]></add>
    </operation>
  </file>
  <file name="catalog/controller/checkout/cart.php">
    <operation error="skip">
      <search position="after"><![CDATA[public function index() {]]></search>
      <add><![CDATA[
      // start: OCdevWizard Cart
      $this->load->model('extension/ocdevwizard/helper');
      $this->load->model('extension/ocdevwizard/cart');

      $ocdw_cart_form_data = $this->model_extension_ocdevwizard_helper->getSettingData('cart_form_data', (int)$this->config->get('config_store_id'));
      $ocdw_cart_text_data = $this->model_extension_ocdevwizard_helper->getSettingData('cart_text_data', (int)$this->config->get('config_store_id'));

      $ocdw_cart_customer_group_id = ($this->customer->isLogged()) ? (int)$this->customer->getCustomerGroupId() : (int)$this->config->get('config_customer_group_id');

      $ocdw_cart_language_id = $this->model_extension_ocdevwizard_cart->getLanguageIdByCode($this->session->data['language']);
      $ocdw_cart_customer_groups = isset($ocdw_cart_form_data['customer_groups']) ? $ocdw_cart_form_data['customer_groups'] : array();

      if (isset($ocdw_cart_form_data['activate']) && $ocdw_cart_form_data['activate'] && $ocdw_cart_form_data['shopping_cart_type'] == 1 && in_array($ocdw_cart_customer_group_id, $ocdw_cart_customer_groups)) {
        if (version_compare(VERSION,'2.0.0.0','<')) {
          $this->redirect($this->url->link('extension/ocdevwizard/cart/cart_page'));
        } else {
          $this->response->redirect($this->url->link('extension/ocdevwizard/cart/cart_page'));
        }
      }
      // end: OCdevWizard Cart
      ]]></add>
    </operation>
    <operation error="skip">
      <search position="after"><![CDATA[public function add() {]]></search>
      <add><![CDATA[
      // start: OCdevWizard Cart
      $this->load->model('extension/ocdevwizard/helper');
      $this->load->model('extension/ocdevwizard/cart');

      $ocdw_cart_form_data = $this->model_extension_ocdevwizard_helper->getSettingData('cart_form_data', (int)$this->config->get('config_store_id'));
      $ocdw_cart_text_data = $this->model_extension_ocdevwizard_helper->getSettingData('cart_text_data', (int)$this->config->get('config_store_id'));

      $ocdw_cart_customer_group_id = ($this->customer->isLogged()) ? (int)$this->customer->getCustomerGroupId() : (int)$this->config->get('config_customer_group_id');

      $ocdw_cart_language_id = $this->model_extension_ocdevwizard_cart->getLanguageIdByCode($this->session->data['language']);
      $ocdw_cart_customer_groups = isset($ocdw_cart_form_data['customer_groups']) ? $ocdw_cart_form_data['customer_groups'] : array();
      // end: OCdevWizard Cart
      ]]></add>
    </operation>
    <operation error="skip">
      <search position="before"><![CDATA[$this->cart->add(]]></search>
      <add><![CDATA[
      // start: OCdevWizard Cart
      if (isset($ocdw_cart_form_data['activate']) && $ocdw_cart_form_data['activate'] && $ocdw_cart_form_data['action_on_product_in_cart'] == 2 && in_array($ocdw_cart_customer_group_id, $ocdw_cart_customer_groups)) {
        $ocdw_cart_products = $this->cart->getProducts();

        $ocdw_cart_in_cart_products = [];

        foreach ($ocdw_cart_products as $ocdw_cart_product) {
          $ocdw_cart_in_cart_products[] = $ocdw_cart_product['product_id'];
        }

        if ($ocdw_cart_products && in_array($this->request->post['product_id'], $ocdw_cart_in_cart_products)) {
          $json['success'] = '';

          $this->response->addHeader('Content-Type: application/json');
          $this->response->setOutput(json_encode($json));

          return;
        }
      }
      // end: OCdevWizard Cart
      ]]></add>
    </operation>
    <operation error="skip">
      <search position="replace"><![CDATA[$json['success'] = sprintf($this->language->get('text_success'), $this->url->link('product/product', 'product_id=' . $this->request->post['product_id']), $product_info['name'], $this->url->link('checkout/cart'));]]></search>
      <add><![CDATA[
      // start: OCdevWizard Cart
      if (isset($ocdw_cart_form_data['activate']) && $ocdw_cart_form_data['activate'] && in_array($ocdw_cart_customer_group_id, $ocdw_cart_customer_groups)) {
        $json['success'] = '';
      } else {
        $json['success'] = sprintf($this->language->get('text_success'), $this->url->link('product/product', 'product_id=' . $this->request->post['product_id']), $product_info['name'], $this->url->link('checkout/cart'));
      }
      // end: OCdevWizard Cart
      ]]></add>
    </operation>
    <operation error="skip">
      <search position="replace"><![CDATA[$json['redirect'] = str_replace('&amp;', '&', $this->url->link('product/product', 'product_id=' . $this->request->post['product_id']));]]></search>
      <add><![CDATA[
      // start: OCdevWizard Cart
      if (isset($ocdw_cart_form_data['activate']) && $ocdw_cart_form_data['activate'] && in_array($ocdw_cart_customer_group_id, $ocdw_cart_customer_groups) && $ocdw_cart_form_data['action_on_product_with_options'] == 1) {
        //$json['redirect'] = str_replace('&amp;', '&', $this->url->link('product/product', 'product_id=' . $this->request->post['product_id']));
      } else {
        $json['redirect'] = str_replace('&amp;', '&', $this->url->link('product/product', 'product_id=' . $this->request->post['product_id']));
      }
      // end: OCdevWizard Cart
      ]]></add>
    </operation>
    <operation error="skip">
      <search position="replace"><![CDATA[$json['total'] = sprintf($this->language->get('text_items'), $this->cart->countProducts() + (isset($this->session->data['vouchers']) ? count($this->session->data['vouchers']) : 0), $this->currency->format($total));]]></search>
      <add><![CDATA[
      // start: OCdevWizard Cart
      if (isset($ocdw_cart_form_data['activate']) && $ocdw_cart_form_data['activate'] && in_array($ocdw_cart_customer_group_id, $ocdw_cart_customer_groups) && $ocdw_cart_form_data['declension_status'] == 1) {
        if (isset($ocdw_cart_text_data[$ocdw_cart_language_id])) {
          $ocdw_cart_tag_codes = array(
            '{count_products}',
            '{total}'
          );

          $ocdw_cart_tag_codes_replace = array(
            $this->cart->countProducts() + (isset($this->session->data['vouchers']) ? count($this->session->data['vouchers']) : 0),
            $this->currency->format($total)
          );

          $ocdw_cart_text_items = html_entity_decode($ocdw_cart_text_data[$ocdw_cart_language_id]['cart_declension'], ENT_QUOTES, 'UTF-8');

          preg_match_all('/{declension}(.*?){\/declension}/', $ocdw_cart_text_items, $ocdw_cart_text_items_matches, PREG_SET_ORDER);

          if ($ocdw_cart_text_items_matches) {
            foreach ($ocdw_cart_text_items_matches as $ocdw_cart_text_items_match) {
              preg_match('/{declension}(.*?){\/declension}/', $ocdw_cart_text_items_match[0], $ocdw_cart_text_items_match_item);

              if ((isset($ocdw_cart_text_items_match_item[0]) && $ocdw_cart_text_items_match_item[0]) && (isset($ocdw_cart_text_items_match_item[1]) && $ocdw_cart_text_items_match_item[1])) {
                $ocdw_cart_declension_words = explode("|", $ocdw_cart_text_items_match_item[1]);

                $ocdw_cart_declension_data = array(
                  'number' => $this->cart->countProducts() + (isset($this->session->data['vouchers']) ? count($this->session->data['vouchers']) : 0),
                  'words'  => $ocdw_cart_declension_words
                );

                $ocdw_cart_text_items = str_replace($ocdw_cart_text_items_match_item[0], $this->getChild('extension/ocdevwizard/cart/make_declension', $ocdw_cart_declension_data), $ocdw_cart_text_items);
              }
            }
          }

          $json['total'] = html_entity_decode(str_replace($ocdw_cart_tag_codes, $ocdw_cart_tag_codes_replace, $ocdw_cart_text_items), ENT_QUOTES, 'UTF-8');
        } else {
          $json['total'] = sprintf($this->language->get('text_items'), $this->cart->countProducts() + (isset($this->session->data['vouchers']) ? count($this->session->data['vouchers']) : 0), $this->currency->format($total));
        }
      } else {
        $json['total'] = sprintf($this->language->get('text_items'), $this->cart->countProducts() + (isset($this->session->data['vouchers']) ? count($this->session->data['vouchers']) : 0), $this->currency->format($total));
      }
      // end: OCdevWizard Cart
      ]]></add>
    </operation>
  </file>
  <file name="catalog/controller/module/cart.php">
    <operation error="skip">
      <search position="before"><![CDATA[public function index() {]]></search>
      <add><![CDATA[
      // start: OCdevWizard Cart
      private function make_declension($data) {
        if ($data) {
          $indexes = [2,0,1,1,1,2];

          return $data['words'][($data['number'] % 100 > 4 && $data['number'] % 100 < 20) ? 2 : $indexes[min($data['number'] % 10,5)]];
        } else {
          return '';
        }
      }
      // end: OCdevWizard Cart
      ]]></add>
    </operation>
    <operation error="skip">
      <search position="after"><![CDATA[public function index() {]]></search>
      <add><![CDATA[
      // start: OCdevWizard Cart
      $this->load->model('extension/ocdevwizard/helper');
      $this->load->model('extension/ocdevwizard/cart');

      $ocdw_cart_form_data = $this->model_extension_ocdevwizard_helper->getSettingData('cart_form_data', (int)$this->config->get('config_store_id'));
      $ocdw_cart_text_data = $this->model_extension_ocdevwizard_helper->getSettingData('cart_text_data', (int)$this->config->get('config_store_id'));

      $ocdw_cart_customer_group_id = ($this->customer->isLogged()) ? (int)$this->customer->getCustomerGroupId() : (int)$this->config->get('config_customer_group_id');

      $ocdw_cart_language_id = $this->model_extension_ocdevwizard_cart->getLanguageIdByCode($this->session->data['language']);
      $ocdw_cart_customer_groups = isset($ocdw_cart_form_data['customer_groups']) ? $ocdw_cart_form_data['customer_groups'] : array();
      // end: OCdevWizard Cart
      ]]></add>
    </operation>
    <operation error="skip">
      <search position="replace"><![CDATA[$this->data['text_items'] = sprintf($this->language->get('text_items'), $this->cart->countProducts() + (isset($this->session->data['vouchers']) ? count($this->session->data['vouchers']) : 0), $this->currency->format($total));]]></search>
      <add><![CDATA[
      // start: OCdevWizard Cart
      if (isset($ocdw_cart_form_data['activate']) && $ocdw_cart_form_data['activate'] && in_array($ocdw_cart_customer_group_id, $ocdw_cart_customer_groups) && $ocdw_cart_form_data['declension_status'] == 1) {
        if (isset($ocdw_cart_text_data[$ocdw_cart_language_id])) {
          $ocdw_cart_tag_codes = array(
            '{count_products}',
            '{total}'
          );

          $ocdw_cart_tag_codes_replace = array(
            $this->cart->countProducts() + (isset($this->session->data['vouchers']) ? count($this->session->data['vouchers']) : 0),
            $this->currency->format($total)
          );

          $ocdw_cart_text_items = html_entity_decode($ocdw_cart_text_data[$ocdw_cart_language_id]['cart_declension'], ENT_QUOTES, 'UTF-8');

          preg_match_all('/{declension}(.*?){\/declension}/', $ocdw_cart_text_items, $ocdw_cart_text_items_matches, PREG_SET_ORDER);

          if ($ocdw_cart_text_items_matches) {
            foreach ($ocdw_cart_text_items_matches as $ocdw_cart_text_items_match) {
              preg_match('/{declension}(.*?){\/declension}/', $ocdw_cart_text_items_match[0], $ocdw_cart_text_items_match_item);

              if ((isset($ocdw_cart_text_items_match_item[0]) && $ocdw_cart_text_items_match_item[0]) && (isset($ocdw_cart_text_items_match_item[1]) && $ocdw_cart_text_items_match_item[1])) {
                $ocdw_cart_declension_words = explode("|", $ocdw_cart_text_items_match_item[1]);

                $ocdw_cart_declension_data = array(
                  'number' => $this->cart->countProducts() + (isset($this->session->data['vouchers']) ? count($this->session->data['vouchers']) : 0),
                  'words'  => $ocdw_cart_declension_words
                );

                $ocdw_cart_text_items = str_replace($ocdw_cart_text_items_match_item[0], $this->make_declension($ocdw_cart_declension_data), $ocdw_cart_text_items);
              }
            }
          }

          $this->data['text_items'] = html_entity_decode(str_replace($ocdw_cart_tag_codes, $ocdw_cart_tag_codes_replace, $ocdw_cart_text_items), ENT_QUOTES, 'UTF-8');
        } else {
          $this->data['text_items'] = sprintf($this->language->get('text_items'), $this->cart->countProducts() + (isset($this->session->data['vouchers']) ? count($this->session->data['vouchers']) : 0), $this->currency->format($total));
        }
      } else {
        $this->data['text_items'] = sprintf($this->language->get('text_items'), $this->cart->countProducts() + (isset($this->session->data['vouchers']) ? count($this->session->data['vouchers']) : 0), $this->currency->format($total));
      }
      // end: OCdevWizard Cart
      ]]></add>
    </operation>
  </file>
  <file name="catalog/controller/account/account.php">
    <operation error="skip">
      <search position="after"><![CDATA[$this->language->load('account/account');]]></search>
      <add><![CDATA[
      // start: OCdevWizard Cart
      $this->load->model('extension/ocdevwizard/helper');

      $ocdw_cart_form_data = $this->model_extension_ocdevwizard_helper->getSettingData('cart_form_data', (int)$this->config->get('config_store_id'));

      $this->data['text_ocdw_cart'] = $this->language->get('text_ocdw_cart');

      if (isset($ocdw_cart_form_data['activate']) && $ocdw_cart_form_data['activate']) {
        $this->data['ocdw_cart'] = $this->url->link('extension/ocdevwizard/cart/account_page', '', 'SSL');

        $this->data['ocdw_cart_status'] = 1;
      } else {
        $this->data['ocdw_cart_status'] = 0;
      }
      // end: OCdevWizard Cart
      ]]></add>
    </operation>
  </file>
  <file name="catalog/language/english/account/account.php">
    <operation error="skip">
      <search position="after"><![CDATA[<?php]]></search>
      <add><![CDATA[
      // start: OCdevWizard Cart
      $_['text_ocdw_cart'] = 'Saved products from shopping cart';
      // end: OCdevWizard Cart
      ]]></add>
    </operation>
  </file>
  <file name="catalog/language/russian/account/account.php">
    <operation error="skip">
      <search position="after"><![CDATA[<?php]]></search>
      <add><![CDATA[
      // start: OCdevWizard Cart
      $_['text_ocdw_cart'] = 'Сохраненные товары из корзине';
      // end: OCdevWizard Cart
      ]]></add>
    </operation>
  </file>
  <file name="catalog/language/ukrainian/account/account.php">
    <operation error="skip">
      <search position="after"><![CDATA[<?php]]></search>
      <add><![CDATA[
      // start: OCdevWizard Cart
      $_['text_ocdw_cart'] = 'Збережені товари з кошика';
      // end: OCdevWizard Cart
      ]]></add>
    </operation>
  </file>
  <file name="catalog/view/theme/*/template/account/account.tpl">
    <operation error="skip">
      <search position="after"><![CDATA[<li><a href="<?php echo $wishlist; ?>"><?php echo $text_wishlist; ?></a></li>]]></search>
      <add><![CDATA[
      <?php if ($ocdw_cart_status) { ?>
      <!-- start: OCdevWizard Cart -->
      <li><a href="<?php echo $ocdw_cart; ?>"><?php echo $text_ocdw_cart; ?></a></li>
      <!-- end: OCdevWizard Cart -->
      <?php } ?>
      ]]></add>
    </operation>
  </file>
</modification>