<?xml version="1.0" encoding="utf-8"?>
<!--
##==========================================##
## @author    : OCdevWizard                 ##
## @contact   : ocdevwizard@gmail.com       ##
## @support   : http://help.ocdevwizard.com ##
## @copyright : (c) OCdevWizard. Cart, 2017 ##
##==========================================##
-->
<modification>
  <code>ocdevwizard_cart_111</code>
  <name>OCdevWizard: Cart</name>
  <version>1.1.1</version>
  <author>ocdevwizard@gmail.com</author>
  <link>http://www.opencart.com/index.php?route=extension/extension&amp;filter_username=OCdevWizard</link>
  <!-- admin area -->
  <file path="admin/controller/user/user_permission.php">
    <operation error="skip">
      <search><![CDATA[if (isset($this->request->post['permission']['access'])) {]]></search>
      <add position="before"><![CDATA[
        // start: OCdevWizard Cart
        if (version_compare(VERSION, '2.2.0.0', '<=') && !in_array('extension/ocdevwizard/cart', $data['permissions'])) {
          $data['permissions'][] = 'extension/ocdevwizard/cart';
        }
        // end: OCdevWizard Cart
      ]]></add>
    </operation>
  </file>
  <file path="admin/controller/{error,startup}/permission.php">
    <operation error="skip">
      <search><![CDATA[if (!in_array($route, $ignore) && !$this->user->hasPermission('access', $route)) {]]></search>
      <add position="before"><![CDATA[
        // start: OCdevWizard Cart
        if ($this->request->get['route'] == 'extension/ocdevwizard/cart' || preg_match('/extension\/ocdevwizard\/cart/', $this->request->get['route'])) {
          $route = 'extension/ocdevwizard/cart';
        }
        // end: OCdevWizard Cart
      ]]></add>
    </operation>
  </file>
  <file path="admin/controller/common/header.php">
    <operation error="skip">
      <search><![CDATA[public function index() {]]></search>
      <add position="after"><![CDATA[
        // start: OCdevWizard Cart
        if ($this->user->hasPermission('access', 'extension/ocdevwizard/cart')) {
          $this->load->model('extension/ocdevwizard/cart');
          $this->load->model('extension/ocdevwizard/helper');
          $this->model_extension_ocdevwizard_cart->createDBTables();
          $data['ocdw_cart_form_data'] = $ocdw_cart_form_data = (array)$this->model_extension_ocdevwizard_helper->getSettingData('cart_form_data', (int)$this->config->get('config_store_id'));
        }
        // end: OCdevWizard Cart
      ]]></add>
    </operation>
    <operation error="skip">
      <search><![CDATA[$data['alerts'] =]]></search>
      <add position="after"><![CDATA[
        // start: OCdevWizard Cart
        if ($this->user->hasPermission('access', 'extension/ocdevwizard/cart')) {
          if (isset($ocdw_cart_form_data['activate']) && $ocdw_cart_form_data['activate'] && $ocdw_cart_form_data['show_on_top_notification']) {
            $data['ocdw_cart_url'] = $this->url->link('extension/ocdevwizard/cart', 'token='.$this->session->data['token'], 'SSL');
            $data['total_0_ocdw_cart'] = $this->model_extension_ocdevwizard_cart->getTotalRecords(['filter_status' => '0']);

            $ocdw_cart_total_0 = $this->model_extension_ocdevwizard_cart->getTotalRecords(['filter_status' => '0']);
            $ocdw_cart_total_1 = $this->model_extension_ocdevwizard_cart->getTotalRecords(['filter_status' => '1']);

            $data['ocdw_cart_results'][] = [
              'name'    => $this->language->get('text_ocdw_cart_records'),
              'total_0' => ($ocdw_cart_total_0 > 0) ? ('+'.$ocdw_cart_total_0) : $ocdw_cart_total_0,
              'total_1' => $ocdw_cart_total_1
            ];

            $data['alerts'] = $data['alerts'] + $data['total_0_ocdw_cart'];
          }
        }
        // end: OCdevWizard Cart
      ]]></add>
    </operation>
  </file>
  <file path="admin/language/{en-gb,english}/common/header.php">
    <operation error="skip">
      <search><![CDATA[<?php]]></search>
      <add position="after"><![CDATA[
        // start: OCdevWizard Cart
        $_['text_ocdw_cart_records'] = 'Records';
        // end: OCdevWizard Cart
      ]]></add>
    </operation>
  </file>
  <file path="admin/language/{ru-ru,russian}/common/header.php">
    <operation error="skip">
      <search><![CDATA[<?php]]></search>
      <add position="after"><![CDATA[
        // start: OCdevWizard Cart
        $_['text_ocdw_cart_records'] = 'Записей';
        // end: OCdevWizard Cart
      ]]></add>
    </operation>
  </file>
  <file path="admin/language/{uk-ua,ukrainian}/common/header.php">
    <operation error="skip">
      <search><![CDATA[<?php]]></search>
      <add position="after"><![CDATA[
        // start: OCdevWizard Cart
        $_['text_ocdw_cart_records'] = 'Записів';
        // end: OCdevWizard Cart
      ]]></add>
    </operation>
  </file>
  <file path="admin/controller/common/dashboard.php">
    <operation error="skip">
      <search><![CDATA[public function index() {]]></search>
      <add position="after"><![CDATA[
        // start: OCdevWizard Cart
        if ($this->user->hasPermission('access', 'extension/ocdevwizard/cart')) {
          if (version_compare(VERSION, '2.3.0.2', '<')) {
            $this->load->model('extension/ocdevwizard/helper');
            $ocdw_cart_form_data = (array)$this->model_extension_ocdevwizard_helper->getSettingData('cart_form_data', (int)$this->config->get('config_store_id'));

            if (isset($ocdw_cart_form_data['activate']) && $ocdw_cart_form_data['activate'] && $ocdw_cart_form_data['show_on_dashboard']) {
              $data['ocdw_cart_widget'] = $this->load->controller('extension/ocdevwizard/cart/widget');
            }
          }
        }
        // end: OCdevWizard Cart
      ]]></add>
    </operation>
    <operation error="skip">
      <search><![CDATA[foreach ($extensions as $code) {]]></search>
      <add position="before"><![CDATA[
        // start: OCdevWizard Cart
        if ($this->user->hasPermission('access', 'extension/ocdevwizard/cart')) {
          if (version_compare(VERSION, '2.3.0.2', '>=')) {
            $this->load->model('extension/ocdevwizard/helper');
            $ocdw_cart_form_data = (array)$this->model_extension_ocdevwizard_helper->getSettingData('cart_form_data', (int)$this->config->get('config_store_id'));

            if (isset($ocdw_cart_form_data['activate']) && $ocdw_cart_form_data['activate'] && $ocdw_cart_form_data['show_on_dashboard']) {
              $dashboards[] = array(
                'code'       => 'cart_widget',
                'width'      => 3,
                'sort_order' => 0,
                'output'     => $this->load->controller('extension/ocdevwizard/cart/widget')
              );
            }
          }
        }
        // end: OCdevWizard Cart
      ]]></add>
    </operation>
  </file>
  <file path="admin/view/template/common/header.tpl">
    <operation error="skip">
      <search><![CDATA[<li class="dropdown-header"><?php echo $text_order; ?></li>]]></search>
      <add position="before"><![CDATA[
        <?php if (isset($ocdw_cart_form_data['activate']) && $ocdw_cart_form_data['activate'] && $ocdw_cart_form_data['show_on_top_notification']) { ?>
        <!-- start: OCdevWizard Cart -->
        <li class="dropdown-header">Cart</li>
        <?php if ($ocdw_cart_results) { ?>
          <?php foreach ($ocdw_cart_results as $ocdw_cart_result) { ?>
            <li><a href="<?php echo $ocdw_cart_url; ?>" style="display: block; overflow: auto;"><span class="label label-warning pull-right"><?php echo $ocdw_cart_result['total_0']; ?> / <?php echo $ocdw_cart_result['total_1']; ?></span><?php echo $ocdw_cart_result['name']; ?></a></li>
          <?php } ?>
        <?php } ?>
        <li class="divider"></li>
        <!-- end: OCdevWizard Cart -->
        <?php } ?>
      ]]></add>
    </operation>
  </file>
  <file path="admin/view/template/common/dashboard.tpl">
    <operation error="skip">
      <search><![CDATA[<div class="col-lg-3 col-md-3 col-sm-6"><?php echo $order; ?></div>]]></search>
      <add position="before"><![CDATA[
        <?php if (isset($ocdw_cart_widget)) { ?>
        <!-- start: OCdevWizard Cart -->
        <div class="col-lg-3 col-md-3 col-sm-6"><?php echo $ocdw_cart_widget; ?></div>
        <!-- end: OCdevWizard Cart -->
        <?php } ?>
      ]]></add>
    </operation>
  </file>
  <!-- catalog area -->
  <file path="catalog/controller/common/header.php">
    <operation error="skip">
      <search><![CDATA[public function index() {]]></search>
      <add position="before"><![CDATA[
        // start: OCdevWizard Cart
        public function ocdw_cart_js_create($data) {
          if ($data) {
            $script = (file_exists(DIR_APPLICATION.'view/javascript/ocdevwizard/cart/source.ocdw')) ? file_get_contents(DIR_APPLICATION.'view/javascript/ocdevwizard/cart/source.ocdw') : '';

            $selectors_module_call_array = explode('\r\n', stripslashes($data['selector_module_call']));
            $selectors_module_call = '';

            if ($selectors_module_call_array && $data['selector_module_call_status'] && in_array($data['display_type'], ['1','2'])) {
              foreach ($selectors_module_call_array as $result) {
                $selectors_module_call .= html_entity_decode($result)."\r\n";
              }
            }

            $routes_module_call_array = explode('\r\n', stripslashes($data['route_module_call']));
            $routes_module_call = '';

            if ($routes_module_call_array && $data['route_module_call_status'] && in_array($data['display_type'], ['1','2'])) {
              foreach ($routes_module_call_array as $result) {
                $routes_module_call .= html_entity_decode($result)."\r\n";
              }
            }

            $selectors_cart_update_array = explode('\r\n', stripslashes($data['selector_cart_update']));
            $selectors_cart_update = '';

            if ($selectors_cart_update_array) {
              foreach ($selectors_cart_update_array as $result) {
                $selectors_cart_update .= html_entity_decode($result)."\r\n";
              }
            }

            $find = [
              '{_name}',
              '{_code}',
              '{popup_background_type}',
              '{popup_close_on_content_click}',
              '{popup_close_on_bg_click}',
              '{popup_close_btn_inside}',
              '{popup_close_on_escape_key}',
              '{popup_align_top}',
              '{popup_animation_type}',
              '{loader_color}',
              '{style_background}',
              '{style_color}',
              '{background_opacity}',
              '{flatpickr_close_type}',
              '{main_product_id_selector}',
              '{display_type}',
              '{sidebar_type}',
              '{route_to_system_add_method}',
              '{selectors_module_call}',
              '{routes_module_call}',
              '{selectors_cart_update}',
              '{add_function_selector}',
              '{add_id_selector}',
              '{action_on_product_with_options}'
            ];

            $replace = [
              'cart',
              'ocdw_cart',
              $data['popup_background_type'],
              $data['popup_close_on_content_click'],
              $data['popup_close_on_bg_click'],
              $data['popup_close_btn_inside'],
              $data['popup_close_on_escape_key'],
              $data['popup_align_top'],
              $data['popup_animation_type'],
              $data['loader_color'],
              $data['style_background'],
              $data['style_color'],
              $data['background_opacity'],
              $data['flatpickr_close_type'],
              $data['main_product_id_selector'],
              $data['display_type'],
              $data['sidebar_type'],
              $data['route_to_system_add_method'],
              $selectors_module_call,
              $routes_module_call,
              $selectors_cart_update,
              json_encode(explode(',',$data['add_function_selector'])),
              json_encode(explode(',',$data['add_id_selector'])),
              $data['action_on_product_with_options']
            ];

            $script = str_replace($find, $replace, $script);

            if ($data['minify_main_js']) {
              $script = preg_replace('!/\*[^*]*\*+([^/][^*]*\*+)*/!', '', $script);
              if ($data['minify_main_js'] == 1) {
                $script = str_replace(array("\r\n", "\r"), "\n", $script);
              } else {
                $script = str_replace(array("\r\n", "\r"), "", $script);
              }
              $script = preg_replace('/[^\S\n]+/', ' ', $script);
              $script = str_replace(array(" \n", "\n "), "\n", $script);
              $script = preg_replace('/\n+/', "\n", $script);
              $script = str_replace(': ', ':', $script);
              $script = preg_replace(array('(( )+{)','({( )+)'), '{', $script);
              $script = preg_replace(array('(( )+})','(}( )+)','(;( )*})'), '}', $script);
              $script = preg_replace(array('(;( )+)','(( )+;)'), ';', $script);
              $script = str_replace(array(' {',' }','{ ','; '),array('{','}','{',';'), $script);
            }

            if (is_dir(DIR_APPLICATION.'view/javascript/ocdevwizard/cart')) {
              if (!file_exists(DIR_APPLICATION.'view/javascript/ocdevwizard/cart/main.js')) {
                file_put_contents(DIR_APPLICATION.'view/javascript/ocdevwizard/cart/main.js', $script);
              }
            } else {
              mkdir(DIR_APPLICATION.'view/javascript/ocdevwizard/cart', 0755);
              file_put_contents(DIR_APPLICATION.'view/javascript/ocdevwizard/cart/main.js', $script);
            }
          }
        }
        // end: OCdevWizard Cart
      ]]></add>
    </operation>
    <operation error="skip">
      <search><![CDATA[public function index() {]]></search>
      <add position="after"><![CDATA[
        // start: OCdevWizard Cart
        $this->load->model('extension/ocdevwizard/helper');

        $ocdw_cart_form_data = $this->model_extension_ocdevwizard_helper->getSettingData('cart_form_data', (int)$this->config->get('config_store_id'));

        if (isset($ocdw_cart_form_data['activate']) && $ocdw_cart_form_data['activate']) {
          $this->document->addStyle("catalog/view/theme/default/stylesheet/ocdevwizard/cart/stylesheet.css");

          $this->load->model('extension/ocdevwizard/cart');

          $language_id = $this->model_extension_ocdevwizard_cart->getLanguageIdByCode($this->session->data['language']);

          if (isset($ocdw_cart_form_data['direction_type'][$language_id]) && $ocdw_cart_form_data['direction_type'][$language_id] == '2') {
            $this->document->addStyle("catalog/view/theme/default/stylesheet/ocdevwizard/cart/stylesheet_rtl.css");
          }

          $this->ocdw_cart_js_create($ocdw_cart_form_data);

          if (file_exists(DIR_APPLICATION.'view/javascript/ocdevwizard/cart/main.js')) {
            $this->document->addScript("catalog/view/javascript/ocdevwizard/cart/main.js?v=".$ocdw_cart_form_data['front_module_version']);
          }
        }
        // end: OCdevWizard Cart
      ]]></add>
    </operation>
  </file>
  <file path="catalog/controller/checkout/cart.php">
    <operation error="skip">
      <search><![CDATA[public function index() {]]></search>
      <add position="after"><![CDATA[
        // start: OCdevWizard Cart
        $this->load->model('extension/ocdevwizard/helper');
        $this->load->model('extension/ocdevwizard/cart');

        $ocdw_cart_form_data = $this->model_extension_ocdevwizard_helper->getSettingData('cart_form_data', (int)$this->config->get('config_store_id'));
        $ocdw_cart_text_data = $this->model_extension_ocdevwizard_helper->getSettingData('cart_text_data', (int)$this->config->get('config_store_id'));

        $ocdw_cart_customer_group_id = ($this->customer->isLogged()) ? (int)$this->customer->getGroupId() : (int)$this->config->get('config_customer_group_id');

        $ocdw_cart_language_id = $this->model_extension_ocdevwizard_cart->getLanguageIdByCode($this->session->data['language']);
        $ocdw_cart_customer_groups = isset($ocdw_cart_form_data['customer_groups']) ? $ocdw_cart_form_data['customer_groups'] : array();

        if (isset($ocdw_cart_form_data['activate']) && $ocdw_cart_form_data['activate'] && $ocdw_cart_form_data['shopping_cart_type'] == 1 && in_array($ocdw_cart_customer_group_id, $ocdw_cart_customer_groups)) {
          $this->response->redirect($this->url->link('extension/ocdevwizard/cart/cart_page'));
        }
        // end: OCdevWizard Cart
      ]]></add>
    </operation>
    <operation error="skip">
      <search><![CDATA[public function add() {]]></search>
      <add position="after"><![CDATA[
        // start: OCdevWizard Cart
        $this->load->model('extension/ocdevwizard/helper');
        $this->load->model('extension/ocdevwizard/cart');

        $ocdw_cart_form_data = $this->model_extension_ocdevwizard_helper->getSettingData('cart_form_data', (int)$this->config->get('config_store_id'));
        $ocdw_cart_text_data = $this->model_extension_ocdevwizard_helper->getSettingData('cart_text_data', (int)$this->config->get('config_store_id'));

        $ocdw_cart_customer_group_id = ($this->customer->isLogged()) ? (int)$this->customer->getGroupId() : (int)$this->config->get('config_customer_group_id');

        $ocdw_cart_language_id = $this->model_extension_ocdevwizard_cart->getLanguageIdByCode($this->session->data['language']);
        $ocdw_cart_customer_groups = isset($ocdw_cart_form_data['customer_groups']) ? $ocdw_cart_form_data['customer_groups'] : array();
        // end: OCdevWizard Cart
      ]]></add>
    </operation>
    <operation error="skip">
      <search><![CDATA[$this->cart->add($this->request->post['product_id'], $quantity, $option, $recurring_id);
]]></search>
      <add position="before"><![CDATA[
        // start: OCdevWizard Cart
        if (isset($ocdw_cart_form_data['activate']) && $ocdw_cart_form_data['activate'] && $ocdw_cart_form_data['action_on_product_in_cart'] == 2 && in_array($ocdw_cart_customer_group_id, $ocdw_cart_customer_groups)) {
          $ocdw_cart_products = $this->cart->getProducts();

          $ocdw_cart_in_cart_products = [];

			    foreach ($ocdw_cart_products as $ocdw_cart_product) {
			      $ocdw_cart_in_cart_products[] = $ocdw_cart_product['product_id'];
          }

			    if ($ocdw_cart_products && in_array($this->request->post['product_id'], $ocdw_cart_in_cart_products)) {
			      $json['success'] = '';

            $this->response->addHeader('Content-Type: application/json');
		        $this->response->setOutput(json_encode($json));

		        return;
          }
        }
        // end: OCdevWizard Cart
      ]]></add>
    </operation>
    <operation error="skip">
      <search><![CDATA[$json['success'] = sprintf($this->language->get('text_success'), $this->url->link('product/product', 'product_id=' . $this->request->post['product_id']), $product_info['name'], $this->url->link('checkout/cart'));]]></search>
      <add position="replace"><![CDATA[
        // start: OCdevWizard Cart
        if (isset($ocdw_cart_form_data['activate']) && $ocdw_cart_form_data['activate'] && in_array($ocdw_cart_customer_group_id, $ocdw_cart_customer_groups)) {
          $json['success'] = '';
        } else {
          $json['success'] = sprintf($this->language->get('text_success'), $this->url->link('product/product', 'product_id=' . $this->request->post['product_id']), $product_info['name'], $this->url->link('checkout/cart'));
        }
        // end: OCdevWizard Cart
      ]]></add>
    </operation>
    <operation error="skip">
      <search><![CDATA[$json['redirect'] = str_replace('&amp;', '&', $this->url->link('product/product', 'product_id=' . $this->request->post['product_id']));]]></search>
      <add position="replace"><![CDATA[
        // start: OCdevWizard Cart
        if (isset($ocdw_cart_form_data['activate']) && $ocdw_cart_form_data['activate'] && in_array($ocdw_cart_customer_group_id, $ocdw_cart_customer_groups) && $ocdw_cart_form_data['action_on_product_with_options'] == 1) {
          //$json['redirect'] = str_replace('&amp;', '&', $this->url->link('product/product', 'product_id=' . $this->request->post['product_id']));
        } else {
          $json['redirect'] = str_replace('&amp;', '&', $this->url->link('product/product', 'product_id=' . $this->request->post['product_id']));
        }
        // end: OCdevWizard Cart
      ]]></add>
    </operation>
    <operation error="skip">
      <search><![CDATA[$json['total'] = sprintf($this->language->get('text_items'), $this->cart->countProducts() + (isset($this->session->data['vouchers']) ? count($this->session->data['vouchers']) : 0), $this->currency->format($total, $this->session->data['currency']));]]></search>
      <add position="replace"><![CDATA[
        // start: OCdevWizard Cart
        if (isset($ocdw_cart_form_data['activate']) && $ocdw_cart_form_data['activate'] && in_array($ocdw_cart_customer_group_id, $ocdw_cart_customer_groups) && $ocdw_cart_form_data['declension_status'] == 1) {
          if (isset($ocdw_cart_text_data[$ocdw_cart_language_id])) {
            $ocdw_cart_tag_codes = array(
              '{count_products}',
              '{total}'
            );

            $ocdw_cart_tag_codes_replace = array(
              $this->cart->countProducts() + (isset($this->session->data['vouchers']) ? count($this->session->data['vouchers']) : 0),
              $this->currency->format($total, $this->session->data['currency'])
            );

            $ocdw_cart_text_items = html_entity_decode($ocdw_cart_text_data[$ocdw_cart_language_id]['cart_declension'], ENT_QUOTES, 'UTF-8');

            preg_match_all('/{declension}(.*?){\/declension}/', $ocdw_cart_text_items, $ocdw_cart_text_items_matches, PREG_SET_ORDER);

            if ($ocdw_cart_text_items_matches) {
              foreach ($ocdw_cart_text_items_matches as $ocdw_cart_text_items_match) {
                preg_match('/{declension}(.*?){\/declension}/', $ocdw_cart_text_items_match[0], $ocdw_cart_text_items_match_item);

                if ((isset($ocdw_cart_text_items_match_item[0]) && $ocdw_cart_text_items_match_item[0]) && (isset($ocdw_cart_text_items_match_item[1]) && $ocdw_cart_text_items_match_item[1])) {
                  $ocdw_cart_declension_words = explode("|", $ocdw_cart_text_items_match_item[1]);

                  $ocdw_cart_declension_data = array(
                    'number' => $this->cart->countProducts() + (isset($this->session->data['vouchers']) ? count($this->session->data['vouchers']) : 0),
                    'words'  => $ocdw_cart_declension_words
                  );

                  $ocdw_cart_text_items = str_replace($ocdw_cart_text_items_match_item[0], $this->load->controller('extension/ocdevwizard/cart/make_declension', $ocdw_cart_declension_data), $ocdw_cart_text_items);
                }
              }
            }

            $json['total'] = html_entity_decode(str_replace($ocdw_cart_tag_codes, $ocdw_cart_tag_codes_replace, $ocdw_cart_text_items), ENT_QUOTES, 'UTF-8');
          } else {
            $json['total'] = sprintf($this->language->get('text_items'), $this->cart->countProducts() + (isset($this->session->data['vouchers']) ? count($this->session->data['vouchers']) : 0), $this->currency->format($total, $this->session->data['currency']));
          }
        } else {
          $json['total'] = sprintf($this->language->get('text_items'), $this->cart->countProducts() + (isset($this->session->data['vouchers']) ? count($this->session->data['vouchers']) : 0), $this->currency->format($total, $this->session->data['currency']));
        }
        // end: OCdevWizard Cart
      ]]></add>
    </operation>
    <operation error="skip">
      <search><![CDATA[$json['total'] = sprintf($this->language->get('text_items'), $this->cart->countProducts() + (isset($this->session->data['vouchers']) ? count($this->session->data['vouchers']) : 0), $this->currency->format($total));]]></search>
      <add position="replace"><![CDATA[
        // start: OCdevWizard Cart
        if (isset($ocdw_cart_form_data['activate']) && $ocdw_cart_form_data['activate'] && in_array($ocdw_cart_customer_group_id, $ocdw_cart_customer_groups) && $ocdw_cart_form_data['declension_status'] == 1) {
          if (isset($ocdw_cart_text_data[$ocdw_cart_language_id])) {
            $ocdw_cart_tag_codes = array(
              '{count_products}',
              '{total}'
            );

            $ocdw_cart_tag_codes_replace = array(
              $this->cart->countProducts() + (isset($this->session->data['vouchers']) ? count($this->session->data['vouchers']) : 0),
              $this->currency->format($total)
            );

            $ocdw_cart_text_items = html_entity_decode($ocdw_cart_text_data[$ocdw_cart_language_id]['cart_declension'], ENT_QUOTES, 'UTF-8');

            preg_match_all('/{declension}(.*?){\/declension}/', $ocdw_cart_text_items, $ocdw_cart_text_items_matches, PREG_SET_ORDER);

            if ($ocdw_cart_text_items_matches) {
              foreach ($ocdw_cart_text_items_matches as $ocdw_cart_text_items_match) {
                preg_match('/{declension}(.*?){\/declension}/', $ocdw_cart_text_items_match[0], $ocdw_cart_text_items_match_item);

                if ((isset($ocdw_cart_text_items_match_item[0]) && $ocdw_cart_text_items_match_item[0]) && (isset($ocdw_cart_text_items_match_item[1]) && $ocdw_cart_text_items_match_item[1])) {
                  $ocdw_cart_declension_words = explode("|", $ocdw_cart_text_items_match_item[1]);

                  $ocdw_cart_declension_data = array(
                    'number' => $this->cart->countProducts() + (isset($this->session->data['vouchers']) ? count($this->session->data['vouchers']) : 0),
                    'words'  => $ocdw_cart_declension_words
                  );

                  $ocdw_cart_text_items = str_replace($ocdw_cart_text_items_match_item[0], $this->load->controller('extension/ocdevwizard/cart/make_declension', $ocdw_cart_declension_data), $ocdw_cart_text_items);
                }
              }
            }

            $json['total'] = html_entity_decode(str_replace($ocdw_cart_tag_codes, $ocdw_cart_tag_codes_replace, $ocdw_cart_text_items), ENT_QUOTES, 'UTF-8');
          } else {
            $json['total'] = sprintf($this->language->get('text_items'), $this->cart->countProducts() + (isset($this->session->data['vouchers']) ? count($this->session->data['vouchers']) : 0), $this->currency->format($total));
          }
        } else {
          $json['total'] = sprintf($this->language->get('text_items'), $this->cart->countProducts() + (isset($this->session->data['vouchers']) ? count($this->session->data['vouchers']) : 0), $this->currency->format($total));
        }
        // end: OCdevWizard Cart
      ]]></add>
    </operation>
  </file>
  <file path="catalog/controller/common/cart.php">
    <operation error="skip">
      <search><![CDATA[public function index() {]]></search>
      <add position="after"><![CDATA[
        // start: OCdevWizard Cart
        $this->load->model('extension/ocdevwizard/helper');
        $this->load->model('extension/ocdevwizard/cart');

        $ocdw_cart_form_data = $this->model_extension_ocdevwizard_helper->getSettingData('cart_form_data', (int)$this->config->get('config_store_id'));
        $ocdw_cart_text_data = $this->model_extension_ocdevwizard_helper->getSettingData('cart_text_data', (int)$this->config->get('config_store_id'));

        $ocdw_cart_customer_group_id = ($this->customer->isLogged()) ? (int)$this->customer->getGroupId() : (int)$this->config->get('config_customer_group_id');

        $ocdw_cart_language_id = $this->model_extension_ocdevwizard_cart->getLanguageIdByCode($this->session->data['language']);
        $ocdw_cart_customer_groups = isset($ocdw_cart_form_data['customer_groups']) ? $ocdw_cart_form_data['customer_groups'] : array();
        // end: OCdevWizard Cart
      ]]></add>
    </operation>
    <operation error="skip">
      <search><![CDATA[$data['text_items'] = sprintf($this->language->get('text_items'), $this->cart->countProducts() + (isset($this->session->data['vouchers']) ? count($this->session->data['vouchers']) : 0), $this->currency->format($total, $this->session->data['currency']));]]></search>
      <add position="replace"><![CDATA[
        // start: OCdevWizard Cart
        if (isset($ocdw_cart_form_data['activate']) && $ocdw_cart_form_data['activate'] && in_array($ocdw_cart_customer_group_id, $ocdw_cart_customer_groups) && $ocdw_cart_form_data['declension_status'] == 1) {
          if (isset($ocdw_cart_text_data[$ocdw_cart_language_id])) {
            $ocdw_cart_tag_codes = array(
              '{count_products}',
              '{total}'
            );

            $ocdw_cart_tag_codes_replace = array(
              $this->cart->countProducts() + (isset($this->session->data['vouchers']) ? count($this->session->data['vouchers']) : 0),
              $this->currency->format($total, $this->session->data['currency'])
            );

            $ocdw_cart_text_items = html_entity_decode($ocdw_cart_text_data[$ocdw_cart_language_id]['cart_declension'], ENT_QUOTES, 'UTF-8');

            preg_match_all('/{declension}(.*?){\/declension}/', $ocdw_cart_text_items, $ocdw_cart_text_items_matches, PREG_SET_ORDER);

            if ($ocdw_cart_text_items_matches) {
              foreach ($ocdw_cart_text_items_matches as $ocdw_cart_text_items_match) {
                preg_match('/{declension}(.*?){\/declension}/', $ocdw_cart_text_items_match[0], $ocdw_cart_text_items_match_item);

                if ((isset($ocdw_cart_text_items_match_item[0]) && $ocdw_cart_text_items_match_item[0]) && (isset($ocdw_cart_text_items_match_item[1]) && $ocdw_cart_text_items_match_item[1])) {
                  $ocdw_cart_declension_words = explode("|", $ocdw_cart_text_items_match_item[1]);

                  $ocdw_cart_declension_data = array(
                    'number' => $this->cart->countProducts() + (isset($this->session->data['vouchers']) ? count($this->session->data['vouchers']) : 0),
                    'words'  => $ocdw_cart_declension_words
                  );

                  $ocdw_cart_text_items = str_replace($ocdw_cart_text_items_match_item[0], $this->load->controller('extension/ocdevwizard/cart/make_declension', $ocdw_cart_declension_data), $ocdw_cart_text_items);
                }
              }
            }

            $data['text_items'] = html_entity_decode(str_replace($ocdw_cart_tag_codes, $ocdw_cart_tag_codes_replace, $ocdw_cart_text_items), ENT_QUOTES, 'UTF-8');
          } else {
            $data['text_items'] = sprintf($this->language->get('text_items'), $this->cart->countProducts() + (isset($this->session->data['vouchers']) ? count($this->session->data['vouchers']) : 0), $this->currency->format($total, $this->session->data['currency']));
          }
        } else {
          $data['text_items'] = sprintf($this->language->get('text_items'), $this->cart->countProducts() + (isset($this->session->data['vouchers']) ? count($this->session->data['vouchers']) : 0), $this->currency->format($total, $this->session->data['currency']));
        }
        // end: OCdevWizard Cart
      ]]></add>
    </operation>
    <operation error="skip">
      <search><![CDATA[$data['text_items'] = sprintf($this->language->get('text_items'), $this->cart->countProducts() + (isset($this->session->data['vouchers']) ? count($this->session->data['vouchers']) : 0), $this->currency->format($total));]]></search>
      <add position="replace"><![CDATA[
        // start: OCdevWizard Cart
        if (isset($ocdw_cart_form_data['activate']) && $ocdw_cart_form_data['activate'] && in_array($ocdw_cart_customer_group_id, $ocdw_cart_customer_groups) && $ocdw_cart_form_data['declension_status'] == 1) {
          if (isset($ocdw_cart_text_data[$ocdw_cart_language_id])) {
            $ocdw_cart_tag_codes = array(
              '{count_products}',
              '{total}'
            );

            $ocdw_cart_tag_codes_replace = array(
              $this->cart->countProducts() + (isset($this->session->data['vouchers']) ? count($this->session->data['vouchers']) : 0),
              $this->currency->format($total)
            );

            $ocdw_cart_text_items = html_entity_decode($ocdw_cart_text_data[$ocdw_cart_language_id]['cart_declension'], ENT_QUOTES, 'UTF-8');

            preg_match_all('/{declension}(.*?){\/declension}/', $ocdw_cart_text_items, $ocdw_cart_text_items_matches, PREG_SET_ORDER);

            if ($ocdw_cart_text_items_matches) {
              foreach ($ocdw_cart_text_items_matches as $ocdw_cart_text_items_match) {
                preg_match('/{declension}(.*?){\/declension}/', $ocdw_cart_text_items_match[0], $ocdw_cart_text_items_match_item);

                if ((isset($ocdw_cart_text_items_match_item[0]) && $ocdw_cart_text_items_match_item[0]) && (isset($ocdw_cart_text_items_match_item[1]) && $ocdw_cart_text_items_match_item[1])) {
                  $ocdw_cart_declension_words = explode("|", $ocdw_cart_text_items_match_item[1]);

                  $ocdw_cart_declension_data = array(
                    'number' => $this->cart->countProducts() + (isset($this->session->data['vouchers']) ? count($this->session->data['vouchers']) : 0),
                    'words'  => $ocdw_cart_declension_words
                  );

                  $ocdw_cart_text_items = str_replace($ocdw_cart_text_items_match_item[0], $this->load->controller('extension/ocdevwizard/cart/make_declension', $ocdw_cart_declension_data), $ocdw_cart_text_items);
                }
              }
            }

            $data['text_items'] = html_entity_decode(str_replace($ocdw_cart_tag_codes, $ocdw_cart_tag_codes_replace, $ocdw_cart_text_items), ENT_QUOTES, 'UTF-8');
          } else {
            $data['text_items'] = sprintf($this->language->get('text_items'), $this->cart->countProducts() + (isset($this->session->data['vouchers']) ? count($this->session->data['vouchers']) : 0), $this->currency->format($total));
          }
        } else {
          $data['text_items'] = sprintf($this->language->get('text_items'), $this->cart->countProducts() + (isset($this->session->data['vouchers']) ? count($this->session->data['vouchers']) : 0), $this->currency->format($total));
        }
        // end: OCdevWizard Cart
      ]]></add>
    </operation>
  </file>
  <file path="catalog/controller/account/account.php">
    <operation error="skip">
      <search><![CDATA[$this->load->language('account/account');]]></search>
      <add position="after"><![CDATA[
        // start: OCdevWizard Cart
        $this->load->model('extension/ocdevwizard/helper');

        $ocdw_cart_form_data = $this->model_extension_ocdevwizard_helper->getSettingData('cart_form_data', (int)$this->config->get('config_store_id'));

        $data['text_ocdw_cart'] = $this->language->get('text_ocdw_cart');

        if (isset($ocdw_cart_form_data['activate']) && $ocdw_cart_form_data['activate']) {
          $data['ocdw_cart'] = $this->url->link('extension/ocdevwizard/cart/account_page', '', 'SSL');

          $data['ocdw_cart_status'] = 1;
        } else {
          $data['ocdw_cart_status'] = 0;
        }
        // end: OCdevWizard Cart
      ]]></add>
    </operation>
  </file>
  <file path="catalog/language/{en-gb,english}/account/account.php">
    <operation error="skip">
      <search><![CDATA[<?php]]></search>
      <add position="after"><![CDATA[
        // start: OCdevWizard Cart
        $_['text_ocdw_cart'] = 'Saved products from shopping cart';
        // end: OCdevWizard Cart
      ]]></add>
    </operation>
  </file>
  <file path="catalog/language/{ru-ru,russian}/account/account.php">
    <operation error="skip">
      <search><![CDATA[<?php]]></search>
      <add position="after"><![CDATA[
        // start: OCdevWizard Cart
        $_['text_ocdw_cart'] = 'Сохраненные товары из корзине';
        // end: OCdevWizard Cart
      ]]></add>
    </operation>
  </file>
  <file path="catalog/language/{uk-ua,ukrainian}/account/account.php">
    <operation error="skip">
      <search><![CDATA[<?php]]></search>
      <add position="after"><![CDATA[
        // start: OCdevWizard Cart
        $_['text_ocdw_cart'] = 'Збережені товари з кошика';
        // end: OCdevWizard Cart
      ]]></add>
    </operation>
  </file>
  <file path="catalog/view/theme/*/template/account/account.tpl">
    <operation error="skip">
      <search><![CDATA[<li><a href="<?php echo $recurring; ?>"><?php echo $text_recurring; ?></a></li>]]></search>
      <add position="after"><![CDATA[
        <?php if ($ocdw_cart_status) { ?>
        <!-- start: OCdevWizard Cart -->
        <li><a href="<?php echo $ocdw_cart; ?>"><?php echo $text_ocdw_cart; ?></a></li>
        <!-- end: OCdevWizard Cart -->
        <?php } ?>
      ]]></add>
    </operation>
  </file>
  <file path="catalog/view/theme/*/template/account/account.twig">
    <operation error="skip">
      <search><![CDATA[<li><a href="{{ recurring }}">{{ text_recurring }}</a></li>]]></search>
      <add position="after"><![CDATA[
        {% if (ocdw_cart_status) %}
        <!-- start: OCdevWizard Cart -->
        <li><a href="{{ ocdw_cart }}">{{ text_ocdw_cart }}</a></li>
        <!-- end: OCdevWizard Cart -->
        {% endif %}
      ]]></add>
    </operation>
  </file>
  <file path="catalog/controller/common/column_left.php">
    <operation error="skip">
      <search><![CDATA[$data['modules'] = array();]]></search>
      <add position="before"><![CDATA[
        // start: OCdevWizard Cart
        $this->load->model('extension/ocdevwizard/helper');

        $ocdw_cart_form_data = $this->model_extension_ocdevwizard_helper->getSettingData('cart_form_data', (int)$this->config->get('config_store_id'));

        $ocdw_cart_status = 0;

        if (isset($ocdw_cart_form_data['activate']) && $ocdw_cart_form_data['activate']) {
          $ocdw_cart_status = 1;

          $this->load->model('extension/ocdevwizard/cart');
        }
        // end: OCdevWizard Cart
      ]]></add>
    </operation>
    <operation error="skip">
      <search><![CDATA[foreach ($modules as $module) {]]></search>
      <add position="before"><![CDATA[
        // start: OCdevWizard Cart
        if (isset($ocdw_cart_status) && $ocdw_cart_status) {
          $ocdw_cart_modules = $this->model_extension_ocdevwizard_cart->getModules($layout_id, 'column_left');

          if ($ocdw_cart_modules) {
            $modules = array_merge($modules, $ocdw_cart_modules);

            $sort_order = [];

            foreach ($modules as $key => $value) {
              $sort_order[$key] = $value['sort_order'];
            }

            array_multisort($sort_order, SORT_ASC, $modules);
          }
        }
        // end: OCdevWizard Cart
      ]]></add>
    </operation>
    <operation error="skip">
      <search><![CDATA[if (isset($part[1])) {]]></search>
      <add position="after"><![CDATA[
        // start: OCdevWizard Cart
        if (isset($ocdw_cart_status) && $ocdw_cart_status && ($part[1] && $part[0] == 'ocdw_cart')) {
          $data['modules'][] = $this->load->controller('extension/ocdevwizard/cart/module', $ocdw_cart_form_data);
        }
        // end: OCdevWizard Cart
      ]]></add>
    </operation>
  </file>
  <file path="catalog/controller/common/column_right.php">
    <operation error="skip">
      <search><![CDATA[$data['modules'] = array();]]></search>
      <add position="before"><![CDATA[
        // start: OCdevWizard Cart
        $this->load->model('extension/ocdevwizard/helper');

        $ocdw_cart_form_data = $this->model_extension_ocdevwizard_helper->getSettingData('cart_form_data', (int)$this->config->get('config_store_id'));

        $ocdw_cart_status = 0;

        if (isset($ocdw_cart_form_data['activate']) && $ocdw_cart_form_data['activate']) {
          $ocdw_cart_status = 1;

          $this->load->model('extension/ocdevwizard/cart');
        }
        // end: OCdevWizard Cart
      ]]></add>
    </operation>
    <operation error="skip">
      <search><![CDATA[foreach ($modules as $module) {]]></search>
      <add position="before"><![CDATA[
        // start: OCdevWizard Cart
        if (isset($ocdw_cart_status) && $ocdw_cart_status) {
          $ocdw_cart_modules = $this->model_extension_ocdevwizard_cart->getModules($layout_id, 'column_right');

          if ($ocdw_cart_modules) {
            $modules = array_merge($modules, $ocdw_cart_modules);

            $sort_order = [];

            foreach ($modules as $key => $value) {
              $sort_order[$key] = $value['sort_order'];
            }

            array_multisort($sort_order, SORT_ASC, $modules);
          }
        }
        // end: OCdevWizard Cart
      ]]></add>
    </operation>
    <operation error="skip">
      <search><![CDATA[if (isset($part[1])) {]]></search>
      <add position="after"><![CDATA[
        // start: OCdevWizard Cart
        if (isset($ocdw_cart_status) && $ocdw_cart_status && ($part[1] && $part[0] == 'ocdw_cart')) {
          $data['modules'][] = $this->load->controller('extension/ocdevwizard/cart/module', $ocdw_cart_form_data);
        }
        // end: OCdevWizard Cart
      ]]></add>
    </operation>
  </file>
  <file path="catalog/controller/common/content_top.php">
    <operation error="skip">
      <search><![CDATA[$data['modules'] = array();]]></search>
      <add position="before"><![CDATA[
        // start: OCdevWizard Cart
        $this->load->model('extension/ocdevwizard/helper');

        $ocdw_cart_form_data = $this->model_extension_ocdevwizard_helper->getSettingData('cart_form_data', (int)$this->config->get('config_store_id'));

        $ocdw_cart_status = 0;

        if (isset($ocdw_cart_form_data['activate']) && $ocdw_cart_form_data['activate']) {
          $ocdw_cart_status = 1;

          $this->load->model('extension/ocdevwizard/cart');
        }
        // end: OCdevWizard Cart
      ]]></add>
    </operation>
    <operation error="skip">
      <search><![CDATA[foreach ($modules as $module) {]]></search>
      <add position="before"><![CDATA[
        // start: OCdevWizard Cart
        if (isset($ocdw_cart_status) && $ocdw_cart_status) {
          $ocdw_cart_modules = $this->model_extension_ocdevwizard_cart->getModules($layout_id, 'content_top');

          if ($ocdw_cart_modules) {
            $modules = array_merge($modules, $ocdw_cart_modules);

            $sort_order = [];

            foreach ($modules as $key => $value) {
              $sort_order[$key] = $value['sort_order'];
            }

            array_multisort($sort_order, SORT_ASC, $modules);
          }
        }
        // end: OCdevWizard Cart
      ]]></add>
    </operation>
    <operation error="skip">
      <search><![CDATA[if (isset($part[1])) {]]></search>
      <add position="after"><![CDATA[
        // start: OCdevWizard Cart
        if (isset($ocdw_cart_status) && $ocdw_cart_status && ($part[1] && $part[0] == 'ocdw_cart')) {
          $data['modules'][] = $this->load->controller('extension/ocdevwizard/cart/module', $ocdw_cart_form_data);
        }
        // end: OCdevWizard Cart
      ]]></add>
    </operation>
  </file>
  <file path="catalog/controller/common/content_bottom.php">
    <operation error="skip">
      <search><![CDATA[$data['modules'] = array();]]></search>
      <add position="before"><![CDATA[
        // start: OCdevWizard Cart
        $this->load->model('extension/ocdevwizard/helper');

        $ocdw_cart_form_data = $this->model_extension_ocdevwizard_helper->getSettingData('cart_form_data', (int)$this->config->get('config_store_id'));

        $ocdw_cart_status = 0;

        if (isset($ocdw_cart_form_data['activate']) && $ocdw_cart_form_data['activate']) {
          $ocdw_cart_status = 1;

          $this->load->model('extension/ocdevwizard/cart');
        }
        // end: OCdevWizard Cart
      ]]></add>
    </operation>
    <operation error="skip">
      <search><![CDATA[foreach ($modules as $module) {]]></search>
      <add position="before"><![CDATA[
        // start: OCdevWizard Cart
        if (isset($ocdw_cart_status) && $ocdw_cart_status) {
          $ocdw_cart_modules = $this->model_extension_ocdevwizard_cart->getModules($layout_id, 'content_bottom');

          if ($ocdw_cart_modules) {
            $modules = array_merge($modules, $ocdw_cart_modules);

            $sort_order = [];

            foreach ($modules as $key => $value) {
              $sort_order[$key] = $value['sort_order'];
            }

            array_multisort($sort_order, SORT_ASC, $modules);
          }
        }
        // end: OCdevWizard Cart
      ]]></add>
    </operation>
    <operation error="skip">
      <search><![CDATA[if (isset($part[1])) {]]></search>
      <add position="after"><![CDATA[
        // start: OCdevWizard Cart
        if (isset($ocdw_cart_status) && $ocdw_cart_status && ($part[1] && $part[0] == 'ocdw_cart')) {
          $data['modules'][] = $this->load->controller('extension/ocdevwizard/cart/module', $ocdw_cart_form_data);
        }
        // end: OCdevWizard Cart
      ]]></add>
    </operation>
  </file>
</modification>