<?xml version="1.0" encoding="utf-8"?>
<modification>
	<code>Admin View Catalog ProductForm</code>
    <name>Admin View Catalog ProductForm</name>
    <version>1.2</version>
    <author>MultifileUpload</author>
    <link></link>
    <file path="admin/view/template/catalog/product_form.tpl">
        <operation>
            <search><![CDATA[
            <button type="button" onclick="addImage();" data-toggle="tooltip" title="<?php echo $button_image_add; ?>" class="btn btn-primary"><i class="fa fa-plus-circle"></i></button>
            ]]></search>
            <add position="Replace"><![CDATA[
            <button type="button" onclick="addMultiImage();" data-toggle="tooltip" title="<?php echo $button_image_add; ?>" class="btn btn-primary"><i class="fa fa-plus-circle"></i></button>
            ]]></add>
        </operation>
        <operation>
            <search><![CDATA[
            function addImage() {
            ]]></search>
            <add position="Replace"><![CDATA[
            function addMultiImage() {
				$('#modal-image').remove();
				$.ajax({
					url: 'index.php?route=common/multifilemanager&token=' + getURLVar('token') + '&image_row=' + image_row,
					dataType: 'html',
					beforeSend: function() {
						$('#button-image i').replaceWith('<i class="fa fa-circle-o-notch fa-spin"></i>');
						$('#button-image').prop('disabled', true);
					},
					complete: function() {
						$('#button-image i').replaceWith('<i class="fa fa-upload"></i>');
						$('#button-image').prop('disabled', false);
					},
					success: function(html) {
						$('body').append('<div id="modal-image" class="modal">' + html + '</div>');

						$('#modal-image').modal('show');
					}
				});
			}
			
			function addImage() {
            ]]></add>
        </operation>
    </file>  
</modification>