<?xml version="1.0" encoding="utf-8"?>
<modification>
    <name>d_seo_module_meta</name>
	<code>d_seo_module_meta</code>
	<description>SEO Engine</description>
	<version>3.0.0</version>
	<author>Dreamvention</author>
	<link>http://dreamvention.com</link>
			
	<!-- PRODUCTS FILTER -->
	<file path="catalog/model/catalog/product.php">
		<operation error="skip">
			<search index="1,2,3"><![CDATA[LEFT JOIN " . DB_PREFIX . "product_description pd ON (p.product_id = pd.product_id)]]></search>
            <add position="replace"><![CDATA[LEFT JOIN " . DB_PREFIX . "product_description pd ON (p.product_id = pd.product_id) LEFT JOIN " . DB_PREFIX . "d_meta_data md ON (md.route = CONCAT('product_id=', p.product_id) AND md.store_id = '" . (int)$this->config->get('config_store_id') . "' AND md.language_id = '" . (int)$this->config->get('config_language_id') . "')]]></add>
		</operation>
		<operation error="skip">
            <search><![CDATA[$query = $this->db->query($sql);]]></search>
            <add position="before"><![CDATA[
				//d_seo_module_meta
				$field_info = $this->load->controller('extension/module/d_seo_module/getFieldInfo');
				
				if ($this->config->get('config_store_id') && isset($field_info['sheet']['product']['field']['name']['multi_store']) && $field_info['sheet']['product']['field']['name']['multi_store'] && isset($field_info['sheet']['product']['field']['name']['multi_store_status']) && $field_info['sheet']['product']['field']['name']['multi_store_status']) {
					$sql = str_replace('pd.name', 'md.name', $sql);
				}
				
				if ($this->config->get('config_store_id') && isset($field_info['sheet']['product']['field']['description']['multi_store']) && $field_info['sheet']['product']['field']['description']['multi_store'] && isset($field_info['sheet']['product']['field']['description']['multi_store_status']) && $field_info['sheet']['product']['field']['description']['multi_store_status']) {
					$sql = str_replace('pd.description', 'md.description', $sql);
				}
				
				if ($this->config->get('config_store_id') && isset($field_info['sheet']['product']['field']['tag']['multi_store']) && $field_info['sheet']['product']['field']['tag']['multi_store'] && isset($field_info['sheet']['product']['field']['tag']['multi_store_status']) && $field_info['sheet']['product']['field']['tag']['multi_store_status']) {
					$sql = str_replace('pd.tag', 'md.tag', $sql);
				}
				///d_seo_module_meta
            ]]></add>
        </operation>
		<operation error="skip">
            <search><![CDATA[$this->getProduct]]></search>
            <add position="replace"><![CDATA[$this->model_catalog_product->getProduct]]></add>
        </operation>
	</file>
						
</modification>