<modification>
    <name>Enable REST API in opencart maintenance mode</name>
	<version>1.0</version>
	<link>http://opencart-api.com</link>
	<author>Lajos Makai</author>
	<code>rest_api_maintancemode</code>

	<file path="catalog/controller/startup/maintenance.php">

		<operation>
			<search><![CDATA[
			return new Action('common/maintenance');
			]]></search>
			<add position="replace"><![CDATA[
			if ($route != 'rest' && $route != 'feed') {
				return new Action('common/maintenance');
			}
		]]></add>
		</operation>
	</file>	
</modification>
