<?xml version="1.0" encoding="UTF-8"?>
<!--
##========================================================##
## @author    : OCdevWizard                               ##
## @contact   : ocdevwizard@gmail.com                     ##
## @support   : http://help.ocdevwizard.com               ##
## @license   : Distributed on an "AS IS" basis           ##
## @copyright : (c) OCdevWizard. OCdevWizard Helper, 2014 ##
##========================================================##
-->
<modification>
  <id>OCdevWizard: Helper</id>
  <version>3.1.1</version>
  <vqmver required="true">2.4.0</vqmver>
  <author>ocdevwizard@gmail.com</author>
  <!-- admin area -->
  <file name="admin/controller/common/home.php">
    <operation error="skip">
      <search position="before"><![CDATA[if (!in_array($route, $ignore) && !$this->user->hasPermission('access', $route)) {]]></search>
      <add><![CDATA[
      // start: OCdevWizard Helper
      if ($this->request->get['route'] == 'extension/ocdevwizard/helper' || preg_match('/extension\/ocdevwizard\/helper/', $this->request->get['route'])) {
        $route = 'extension/ocdevwizard/helper';
      }
      // end: OCdevWizard Helper
      ]]></add>
    </operation>
  </file>
  <file name="admin/controller/user/user_permission.php">
    <operation error="skip">
      <search position="before"><![CDATA[$this->template = 'user/user_group_form.tpl';]]></search>
      <add><![CDATA[
      // start: OCdevWizard Helper
      $this->data['permissions'][] = 'extension/ocdevwizard/helper';
      // end: OCdevWizard Helper
      ]]></add>
    </operation>
  </file>
  <file name="admin/controller/common/header.php">
    <operation error="skip">
      <search position="before"><![CDATA[$this->template = 'common/header.tpl';]]></search>
      <add><![CDATA[
      // start: OCdevWizard Helper
      $this->data['ocdevwizard_helper_status'] = 0;

      if ($this->user->hasPermission('access', 'extension/ocdevwizard/helper')) {
        $this->data['ocdevwizard_helper_status'] = 1;
        $this->data['ocdevwizard_helper'] = $this->url->link('extension/ocdevwizard/helper', 'token='.$this->session->data['token'], 'SSL');
      }
      // end: OCdevWizard Helper
      ]]></add>
    </operation>
  </file>
  <file name="admin/view/template/common/header.tpl">
    <operation error="skip">
      <search position="before"><![CDATA[<li id="extension"><a class="top"><?php echo $text_extension; ?></a>]]></search>
      <add><![CDATA[<?php if ($ocdevwizard_helper_status) { ?><li id="ocdevwizard"><a class="top" href="<?php echo $ocdevwizard_helper; ?>">OCdevWizard</a><ul></ul></li><?php } ?>]]></add>
    </operation>
  </file>
  <file name="system/engine/model.php">
    <operation error="skip">
      <search position="after"><![CDATA[$this->registry = $registry;]]></search>
      <add><![CDATA[
      // start: OCdevWizard Helper
      if ($this->registry && method_exists($this->response,'ocdw_registry')) {
        if (file_exists(DIR_APPLICATION.'controller/extension/ocdevwizard/form_builder.php')) {
          $this->response->ocdw_registry($this->registry);
        }
      }
      // end: OCdevWizard Helper
      ]]></add>
    </operation>
  </file>
  <file name="system/library/response.php">
    <operation error="skip">
      <search position="after"><![CDATA[private $output;]]></search>
      <add><![CDATA[
      // start: OCdevWizard Helper
      private $ocdw_registry = [];

      public function ocdw_registry($registry) {
        $this->ocdw_registry = $registry;
      }
      // end: OCdevWizard Helper
      ]]></add>
    </operation>
  </file>
</modification>