<?xml version="1.0" encoding="utf-8"?>

<!--
##========================================================##
## @author    : OCdevWizard                               ##
## @contact   : ocdevwizard@gmail.com                     ##
## @support   : http://help.ocdevwizard.com               ##
## @license   : Distributed on an "AS IS" basis           ##
## @copyright : (c) OCdevWizard. OCdevWizard Helper, 2014 ##
##========================================================##
-->

<modification>
  <code>ocdevwizard_helper_311</code>
  <name>OCdevWizard: Helper</name>
  <version>3.1.1</version>
  <author>ocdevwizard@gmail.com</author>
  <link>http://www.opencart.com/index.php?route=extension/extension&amp;filter_username=OCdevWizard</link>
  <!-- admin area -->
  <file path="admin/controller/{error,startup}/permission.php">
    <operation error="skip">
      <search><![CDATA[if (!in_array($route, $ignore) && !$this->user->hasPermission('access', $route)) {]]></search>
      <add position="before"><![CDATA[
        // start: OCdevWizard Helper
        if ($this->request->get['route'] == 'extension/ocdevwizard/helper' || preg_match('/extension\/ocdevwizard\/helper/', $this->request->get['route'])) {
          $route = 'extension/ocdevwizard/helper';
        }
        // end: OCdevWizard Helper
      ]]></add>
    </operation>
  </file>
  <file path="admin/controller/marketplace/install.php">
    <operation error="skip">
      <search><![CDATA[$allowed = array(]]></search>
      <add position="after"><![CDATA[
        // start: OCdevWizard Helper
        'catalog/controller/api/ocdevwizard/',
        'catalog/model/api/ocdevwizard/',
        // end: OCdevWizard Helper
      ]]></add>
    </operation>
  </file>
  <!-- sart: For 2.3.x and higher -->
  <file path="admin/controller/common/column_left.php">
    <operation error="skip">
      <search><![CDATA[$design = array();]]></search>
      <add position="before"><![CDATA[
        // start: OCdevWizard Helper
        if ($this->user->hasPermission('access', 'extension/ocdevwizard/helper')) {
          if (version_compare(VERSION, '3.0.0.0', '>=')) {
            $data['menus'][] = [
              'id'       => 'menu-ocdevwizard',
              'icon'     => 'fa fa-lightbulb-o fa-fw',
              'name'     => 'OCdevWizard',
              'href'     => $this->url->link('extension/ocdevwizard/helper', 'user_token='.$this->session->data['user_token'], true),
              'children' => []
            ];
          } else {
            $data['menus'][] = [
              'id'       => 'menu-ocdevwizard',
              'icon'     => 'fa fa-lightbulb-o fa-fw',
              'name'     => 'OCdevWizard',
              'href'     => $this->url->link('extension/ocdevwizard/helper', 'token='.$this->session->data['token'], true),
              'children' => []
            ];
          }
        }
        // end: OCdevWizard Helper
      ]]></add>
    </operation>
  </file>
  <!-- end: For 2.3.x and higher -->
  <!-- sart: For 2.0.x ... 2.2.x -->
  <file path="admin/controller/common/menu.php">
    <operation error="skip">
      <search><![CDATA[return $this->load->view('common/menu]]></search>
      <add position="before"><![CDATA[
        // start: OCdevWizard Helper
        $data['ocdevwizard_helper_status'] = 0;

        if ($this->user->hasPermission('access', 'extension/ocdevwizard/helper')) {
          $data['ocdevwizard_helper_status'] = 1;
          $data['ocdevwizard_helper'] = $this->url->link('extension/ocdevwizard/helper', 'token='.$this->session->data['token'], true);
        }
        // end: OCdevWizard Helper
      ]]></add>
    </operation>
  </file>
  <file path="admin/view/template/common/menu.tpl">
    <operation error="skip">
      <search><![CDATA[<li id="extension"><a class="parent"><i class="fa fa-puzzle-piece fa-fw"></i> <span><?php echo $text_extension; ?></span></a>]]></search>
      <add position="before"><![CDATA[<?php if ($ocdevwizard_helper_status) { ?><li id="ocdevwizard"><a href="<?php echo $ocdevwizard_helper; ?>"><i class="fa fa-lightbulb-o fa-fw" aria-hidden="true"></i> <span>OCdevWizard</span></a></li><?php } ?>]]></add>
    </operation>
  </file>
  <file path="system/engine/model.php">
    <operation error="skip">
      <search><![CDATA[$this->registry = $registry;]]></search>
      <add position="after"><![CDATA[
        // start: OCdevWizard Helper
        if ($this->registry && method_exists($this->response,'ocdw_registry')) {
          if (file_exists(DIR_APPLICATION.'controller/extension/ocdevwizard/form_builder.php')) {
            $this->response->ocdw_registry($this->registry);
          }
        }
        // end: OCdevWizard Helper
      ]]></add>
    </operation>
  </file>
  <file path="system/library/response.php">
    <operation error="skip">
      <search><![CDATA[private $output;]]></search>
      <add position="after"><![CDATA[
        // start: OCdevWizard Helper
        private $ocdw_registry = [];

        public function ocdw_registry($registry) {
          $this->ocdw_registry = $registry;
        }
        // end: OCdevWizard Helper
      ]]></add>
    </operation>
  </file>
</modification>
