<?xml version="1.0" encoding="utf-8"?>
<modification>
    <name>WebP Image Converter</name>
    <code>wic684</code>
    <version>4.2</version>
    <author>OCpedia.com</author>
    <link>ocpedia.com</link>
    <ocv>2.3</ocv>
    <date>29-Aug-2019</date>
    <summary>OCMOD for Webp Image Converter for 2.3</summary>
    <extension_link>https://tinyurl.com/yxo23wsx</extension_link>

    <file path="catalog/model/tool/image.php">
        <operation>
        <search><![CDATA[ModelToolImage]]></search>
        <add trim="true" position="after"><![CDATA[
    public function webpSupport() {
        if ($this->config->get('webp_status')) {
            $webp = gd_info();
            
            if (isset($this->request->server['HTTP_ACCEPT']) && strpos($this->request->server['HTTP_ACCEPT'], 'webp')) {
                $status = true;
            } elseif (isset($this->request->server['HTTP_USER_AGENT']) && strpos($this->request->server['HTTP_USER_AGENT'], 'Firefox')) {
                $status = true;
            } else {
                $status = false;
            }

            if ($webp['WebP Support'] && $status) {
                return true;
            } else {
                return false;
            }
        }
        return false;
    }
        ]]></add>
        </operation>
        <operation>
            <search><![CDATA[$image_new = str_replace(']]></search>
            <add trim="true" position="before"><![CDATA[
            $image_webp = false;
            $webp_support = $this->webpSupport();
            if(!isset($type)){$type='';}
            if ($webp_support && strtolower($extension) != 'gif') {
                error_reporting(0);
                ini_set('display_errors', 0);
                $image_webp = 'cache/webp/' . utf8_substr($filename, 0, utf8_strrpos($filename, '.')) . '-' . (int)$width . 'x' . (int)$height . $type . '.webp';
                if (!is_file(DIR_IMAGE . $image_webp) || (filemtime(DIR_IMAGE . $image_new) > filemtime(DIR_IMAGE . $image_webp))) {
                    $path = '';
                    $directories = explode('/', dirname($image_webp));
                    foreach ($directories as $directory) {
                        $path = $path . '/' . $directory;
                        if (!is_dir(DIR_IMAGE . $path)) {
                            @mkdir(DIR_IMAGE . $path, 0777);
                        }
                    }
                    if (strtolower($extension) == 'jpg' || strtolower($extension) == 'jpeg') {
                        $image_default = imagecreatefromjpeg(DIR_IMAGE . $image_new);
                    }
                    elseif (strtolower($extension) == 'png') {
                        $image_default = imagecreatefrompng(DIR_IMAGE . $image_new);
                        imagepalettetotruecolor($image_default);
                        imagealphablending($image_default, true);
                        imagesavealpha($image_default, true);
                    }
                    imagewebp($image_default, DIR_IMAGE . $image_webp, ($this->config->get('webp_quality') ? $this->config->get('webp_quality') : 80));
                    imagedestroy($image_default);
                    if (filesize(DIR_IMAGE . $image_webp) % 2 == 1) {
                        file_put_contents(DIR_IMAGE . $image_webp, "\0", FILE_APPEND);
                    }
                }
            }
            if ($webp_support && is_file(DIR_IMAGE . $image_webp)){
                $image_new = $image_webp;
            }
            ]]></add>
        </operation>
    </file>
    <file path="system/library/journal3/cache.php">
        <operation error="skip">
        <search><![CDATA[return $data;]]></search>
        <add trim="true" position="replace" index="1"><![CDATA[
            if (isset($_SERVER['HTTP_USER_AGENT']) && strpos($_SERVER['HTTP_USER_AGENT'], 'Safari')) {
                $status = true;
            } else {
                $status = false;
            }

            if($status){
                return false;
            } else {
                return $data;
            }
        ]]></add>
        </operation>
    </file>
</modification>