<?xml version="1.0" encoding="UTF-8"?>
<modification>

  <name>Webkul Elastic Search</name>
  <version>1.0.0</version>
  <code>Webkul Elastic Search</code>
  <author>Webkul</author>
  <link>http://webkul.com</link>

  <file path="admin/controller/common/menu.php" >
    <operation>
      <search>
        <![CDATA[
          return $this->load->view('common/menu', $data);
        ]]>
      </search>
      <add position="before">
        <![CDATA[
          $data['wk_elastic_status'] = false;
          if ($this->config->get('wk_elastic_status')) {
            $data['wk_elastic_status'] = true;
            $data['elastic_search'] = array(
              'name'     => $this->language->get('text_elastic_search'),
              'href'     => $this->url->link('es/esindex', 'token=' . $this->session->data['token'], true),
            );
          }
        ]]>
      </add>
    </operation>
  </file>

  <file path="admin/language/en-gb/common/menu.php" >
    <operation>
      <search>
        <![CDATA[
          $_['text_affiliate']
        ]]>
      </search>
      <add position="before">
        <![CDATA[
          $_['text_elastic_search']   = 'Elastic Search';
        ]]>
      </add>
    </operation>
  </file>

  <file path="admin/view/template/common/menu.tpl">
    <operation>
      <search>
        <![CDATA[
          <li id="catalog"><a class="parent"><i class="fa fa-tags fa-fw"></i> <span><?php echo $text_catalog; ?></span></a>
        ]]>
      </search>
      <add position="before">
        <![CDATA[
          <?php if(isset($wk_elastic_status) && $wk_elastic_status) { ?>
            <li><a href="<?php echo $elastic_search['href']; ?>"><i class="fa fa-search"></i><span><?php echo $elastic_search['name']; ?></span></a></li>
          <?php } ?>
        ]]>
      </add>
    </operation>
  </file>


  <file path="catalog/controller/common/header.php" >
    <operation>
      <search>
        <![CDATA[
          $data['search'] = $this->load->controller('common/search');
        ]]>
      </search>
      <add position="replace">
        <![CDATA[
          if ($this->config->get('wk_elastic_status')) {
            $data['search'] = $this->load->controller('common/essearch');
          } else {
            $data['search'] = $this->load->controller('common/search');
          }
        ]]>
      </add>
    </operation>
  </file>

  <file path="catalog/language/*/product/search.php" >
    <operation>
      <search>
        <![CDATA[
          $_['text_limit']
        ]]>
      </search>
      <add position="after">
        <![CDATA[
          //Elastic Search
          $_['test_search_instead'] = 'Search instead for: <i>%s</i>';
          $_['test_tags_search']    = 'Tags';
          $_['test_tags_instead']   = 'Tags instead for: <i>%s</i>';
        ]]>
      </add>
    </operation>
  </file>

  <file path="catalog/view/theme/*/template/product/search.tpl" >
    <operation>
      <search>
        <![CDATA[
          <h1><?php echo $heading_title; ?></h1>
        ]]>
      </search>
      <add position="after">
        <![CDATA[
          <?php if (isset($wk_elastic_status) && isset($search_instead)) { ?>
            <h3><?php echo $search_instead; ?></h3>
          <?php } ?>
        ]]>
      </add>
    </operation>
  </file>

  <file path="catalog/controller/product/search.php" >
    <operation>
      <search>
        <![CDATA[
          $product_total = $this->model_catalog_product->getTotalProducts($filter_data);
        ]]>
      </search>
      <add position="replace">
        <![CDATA[

        ]]>
      </add>
    </operation>
    <operation>
      <search>
        <![CDATA[
          $results = $this->model_catalog_product->getProducts($filter_data);
        ]]>
      </search>
      <add position="replace">
        <![CDATA[
            if($this->config->get('wk_elastic_status')) {
                $this->load->library('webkul/es/es');
                $checkServerStatus = $this->es->esserver->checkServerRunning();

                if ($checkServerStatus) {
                    $data['wk_elastic_status'] = true;
                    $results 				= array();
                    $product_total 	= 0;

                    $results2 			= $this->load->controller('common/essearch/getEsData', $filter_data);

                    if(isset($results2['data']['products'])) {
                      $results = $results2['data']['products'];
                    }
                    if(isset($results2['total'])) {
                      $product_total = $results2['total'];
                    }
                    if (isset($results2['data']['suggestion']) && $results2['data']['suggestion']) {
                        $suggest_result = $this->load->controller('common/essearch/didYouMean', $results2['data']['suggestion']);
                        if (!empty($suggest_result) && isset($this->request->get['search'])) {
                            $data['search_instead'] = $suggest_result['search_instead'];
                            $search 	= $this->request->get['search'] = $results2['data']['suggestion'];
                            $data['heading_title'] = $suggest_result['heading_title'];
                        }
                        if (!empty($suggest_result) && isset($this->request->get['tag'])) {
                            $data['search_instead'] = $suggest_result['search_instead'];
                            $tag 	= $this->request->get['tag'] = $results2['data']['suggestion'];
                            $data['heading_title'] = $suggest_result['heading_title'];
                        }
                    }
                }
            }
            if (!isset($data['wk_elastic_status'])) {
                $product_total = $this->model_catalog_product->getTotalProducts($filter_data);

                $results = $this->model_catalog_product->getProducts($filter_data);
            }
        ]]>
      </add>
    </operation>
    <operation>
      <search>
        <![CDATA[
          'href'  => $this->url->link('product/search', 'sort=p.model&order=DESC' . $url)
        ]]>
      </search>
      <add position="after" offset="1">
        <![CDATA[
            if($this->config->get('wk_elastic_status')) {
              $data['sorts'] = $this->load->controller('common/essearch/searchSortOrders', $url);
            }
        ]]>
      </add>
    </operation>
  </file>

</modification>
