<?xml version="1.0" encoding="utf-8"?>
<modification>
	<name>Tmd Currency Price</name>
	<id>Tmd Currency Price</id>
	<code>Tmd Currency Price</code>
	<version>2.2.x_2.3.x</version>
	<author>TMD(opencartextensions.in)</author>
	
	<file path="admin/controller/catalog/product.php">
		<operation error="log">
			<search><![CDATA[$product_option_value_data[] = array(]]></search>
			<add position="before"><![CDATA[
			// xml area currency_group
					$currencygroups = array();
					$this->load->model('localisation/currency');
					$data['entry_currency_price'] = $this->language->get('entry_currency_price');
					$data['entry_cprice'] = $this->language->get('entry_cprice');
					$currencys_groups = $this->model_localisation_currency->getCurrencies();
					foreach($currencys_groups as $groups) {
						$price='';
						$price = $this->model_catalog_product->getCurrencyGroupOptions($this->request->get['product_id'],$groups['currency_id'],$product_option_value['product_option_value_id']);			
						$currencygroups[$groups['currency_id']] =$price;
					}
					
			// xml area currency_group ends
			]]></add>
		</operation>
		<operation error="log">
			<search><![CDATA['price_prefix'            => $product_option_value['price_prefix']]]></search>
			<add position="before"><![CDATA['currencys_groups'        => $currencygroups,]]></add>
		</operation>
		
		<operation error="log">
			<search><![CDATA[$data['layouts'] = $this->model_design_layout->getLayouts();]]></search>
			<add position="before"><![CDATA[
				// xml area currency_group
				$data['entry_currency_price'] = $this->language->get('entry_currency_price');
				$data['entry_cprice'] = $this->language->get('entry_cprice');
				if (isset($this->request->post['currency_group'])) {
						$data['currency_group'] = $this->request->post['currency_group'];
					} elseif (isset($this->request->get['product_id'])) {
						$data['currency_group'] = $this->model_catalog_product->getCurrencyPrice($this->request->get['product_id']);
					} else {
						$data['currency_group'] = array();

					}

					$this->load->model('localisation/currency');
					$data['options'] = $this->model_localisation_currency->getCurrencies();
				// xml area currency_group ends
			]]></add>
		</operation>
		
		<operation error="log">
			<search><![CDATA[$data['product_options'] = array();]]></search>
			<add position="before"><![CDATA[
				// xml area currency_group
				$this->load->model('localisation/currency');
				$data['currency_groups'] = $this->model_localisation_currency->getCurrencies();
				// xml area currency_group ends
			]]></add>
		</operation>
	</file>
	
	<file path="admin/language/*/catalog/product.php">
		<operation error="log">
			<search><![CDATA[$_['heading_title']          = 'Products';]]></search>
			<add position="before"><![CDATA[
				// xml currency_group
				$_['entry_currency_price']   = 'Curreny Price';
				$_['entry_cprice']   		 = 'Price';
				// xml currency_group ends
			]]></add>
		</operation>
	</file>
	
	<file path="admin/model/catalog/product.php">
		<operation error="log">
			<search><![CDATA[$this->db->query("INSERT INTO " . DB_PREFIX . "product_option_value SET product_option_id = '" . (int)$product_option_id . "', product_id = '" . (int)$product_id . "', option_id = '" . (int)$product_option['option_id'] . "', option_value_id = '" . (int)$product_option_value['option_value_id'] . "', quantity = '" . (int)$product_option_value['quantity'] . "', subtract = '" . (int)$product_option_value['subtract'] . "', price = '" . (float)$product_option_value['price'] . "', price_prefix = '" . $this->db->escape($product_option_value['price_prefix']) . "', points = '" . (int)$product_option_value['points'] . "', points_prefix = '" . $this->db->escape($product_option_value['points_prefix']) . "', weight = '" . (float)$product_option_value['weight'] . "', weight_prefix = '" . $this->db->escape($product_option_value['weight_prefix']) . "'");]]></search>
			<add position="after"><![CDATA[
				// xml area currency_group
				$product_option_value_id = $this->db->getLastId();
				if (isset($product_option_value['currencygroup_option'])) {
					foreach ($product_option_value['currencygroup_option'] as $key => $groups) {
						$this->db->query("INSERT INTO " . DB_PREFIX . "product_currency_optionvalue SET 
						product_option_id 		= '" . (int)$product_option_id . "', 
						product_option_value_id = '" . (int)$product_option_value_id . "', 
						product_id 				= '" . (int)$product_id . "',
						option_value_id 		= '" . (int)$product_option_value['option_value_id'] . "', 
						option_id 				= '" . (int)$product_option['option_id'] . "',
		 				currency_id 		= '" . (int)$key . "',
						price 					= '" . (float)$groups['price'] . "'");
					}
				}
				// xml area currency_group ends
			]]></add>
		</operation>
		<operation error="log">
			<search><![CDATA[$this->db->query("INSERT INTO " . DB_PREFIX . "product_option_value SET product_option_value_id = '" . (int)$product_option_value['product_option_value_id'] . "', product_option_id = '" . (int)$product_option_id . "', product_id = '" . (int)$product_id . "', option_id = '" . (int)$product_option['option_id'] . "', option_value_id = '" . (int)$product_option_value['option_value_id'] . "', quantity = '" . (int)$product_option_value['quantity'] . "', subtract = '" . (int)$product_option_value['subtract'] . "', price = '" . (float)$product_option_value['price'] . "', price_prefix = '" . $this->db->escape($product_option_value['price_prefix']) . "', points = '" . (int)$product_option_value['points'] . "', points_prefix = '" . $this->db->escape($product_option_value['points_prefix']) . "', weight = '" . (float)$product_option_value['weight'] . "', weight_prefix = '" . $this->db->escape($product_option_value['weight_prefix']) . "'");]]></search>
			<add position="after"><![CDATA[
				// xml area currency_group
				
				$product_option_value_id = $this->db->getLastId();
				if (isset($product_option_value['currencygroup_option'])) {
					foreach ($product_option_value['currencygroup_option'] as $key => $groups) {
						$this->db->query("INSERT INTO " . DB_PREFIX . "product_currency_optionvalue SET 
						product_option_id 		= '" . (int)$product_option_id . "', 
						product_option_value_id = '" . (int)$product_option_value_id. "', 
						product_id 				= '" . (int)$product_id . "',
						option_value_id 		= '" . (int)$product_option_value['option_value_id'] . "', 
						option_id 				= '" . (int)$product_option['option_id'] . "',
		 				currency_id 		= '" . (int)$key . "',
						price 					= '" . (float)$groups['price'] . "'");
					}
				}
				// xml area currency_group ends
			]]></add>
		</operation>
	
		<operation error="log">
			<search><![CDATA[if (isset($data['product_related'])) {]]></search>
			<add position="before"><![CDATA[
			// xml area currency_group
		        if (isset($data['currency_group'])) {
			    foreach ($data['currency_group'] as $key => $group) {
				  $this->db->query("INSERT INTO " . DB_PREFIX . "product_currency_price SET 
					product_id = '" . (int)$product_id . "',
					  currency_id = '" . (int)$key . "',
					    price  = '".$this->db->escape($group['price'])."'");
			    }
		    }
		    // xml area currency_group ends
		]]></add>
		</operation>
		
		<operation error="log">
			<search><![CDATA[$this->db->query("DELETE FROM " . DB_PREFIX . "product_option_value WHERE product_id = '" . (int)$product_id . "'");]]></search>
			<add position="before"><![CDATA[
				// xml area currency_group
				$this->db->query("DELETE FROM " . DB_PREFIX . "product_currency_price WHERE product_id = '" . (int)$product_id . "'");
		        if (isset($data['currency_group'])) {
			        foreach ($data['currency_group'] as $key => $group) {
				      $this->db->query("INSERT INTO " . DB_PREFIX . "product_currency_price SET 
					  product_id = '" . (int)$product_id . "',
					  currency_id = '" . (int)$key . "',
					  price  = '".$this->db->escape($group['price'])."'");
			        }
		        }
				// xml area currency_group ends]]></add>
		</operation>
	
		<operation error="log">
			<search><![CDATA[public function getTotalProductsByLayoutId($layout_id) {]]></search>
			<add position="before"><![CDATA[
			// xml area currency_group
				  public function getCurrencyPrice($product_id) {
		          $currency_group_data = array();

		          $query = $this->db->query("SELECT * FROM " . DB_PREFIX . "product_currency_price WHERE product_id = '" . (int)$product_id . "'");

		          foreach ($query->rows as $group) {
			      $currency_group_data[$group['currency_id']] = array('price' => $group['price']);
		        }

		           return $currency_group_data;
	        }
		
	                public function getCurrencyGroupOptions($product_id,$currency_id,$product_option_value_id) {
		            $group_query = $this->db->query("SELECT * FROM " .DB_PREFIX. "product_currency_optionvalue WHERE product_id = '".(int)$product_id."' and product_option_value_id='".(int)$product_option_value_id."' and currency_id='".$currency_id."'");
		            $price='';
		              if (isset($group_query->row['price'])) {
			            $price = $group_query->row['price'];
		            }
		          return $price;
	            }
	         // xml area currency_group ends
				
			
				]]></add>
		</operation>
	</file>
	<file path="admin/view/template/catalog/product_form.tpl">
		<operation error="log">
			<search><![CDATA[<label class="col-sm-2 control-label" for="input-tax-class"><?php echo $entry_tax_class; ?></label>]]></search>
			<add position="before" offset="1"><![CDATA[
			<!--xml currency group price start-->
              <div class="form-group">
                <label class="col-sm-2 control-label" for="input-price"><?php echo $entry_currency_price; ?></label>
                <div class="table-responsive">
                <table class="table table-bordered table-hover">
                  <thead>
                    <tr>
                      <td class="text-left"><?php echo $entry_currency_price; ?></td>
                      <td class="text-left"><?php echo $entry_cprice; ?></td>
                    </tr>
                  </thead>
                  <tbody>
                    <?php foreach ($currency_groups as $currencygroup) { ?>
                    <tr>
                      <td class="text-left"><?php echo $currencygroup['title']; ?></td>
                      <td class="text-left"><input type="text" name="currency_group[<?php echo $currencygroup['currency_id']; ?>][price]" value="<?php echo isset($currency_group[$currencygroup['currency_id']]) ? $currency_group[$currencygroup['currency_id']]['price'] : ''; ?>" placeholder="<?php echo $entry_cprice;?>" class="form-control" /></td>
                    </tr>
                    <?php } ?>
                  </tbody>
                </table>
              </div>
              </div>
			  <!--xml currency group price end-->
             ]]></add>
		</operation>
		<operation error="log">
			<search><![CDATA[<td class="text-right"><select name="product_option[<?php echo $option_row; ?>][product_option_value][<?php echo $option_value_row; ?>][price_prefix]" class="form-control">]]></search>
			<add position="replace"><![CDATA[
			<td class="text-right">
                    <table class="table table-bordered">
                        <thead>
                             <tr>
                                <td><?php echo $entry_currency_price; ?></td>
                                <td><?php echo $entry_cprice; ?></td>
                                </tr>
                                <?php if (isset($currency_groups)) { ?>
                                 <?php foreach ($currency_groups as $currencygroup) { ?>
                                <tr>
                                <td class="text-left"><?php echo $currencygroup['title']; ?></td>
                                <td class="text-left"><input type="text" name="product_option[<?php echo $option_row; ?>][product_option_value][<?php echo $option_value_row; ?>][currencygroup_option][<?php echo $currencygroup['currency_id']; ?>][price]" value="<?php echo $product_option_value['currencys_groups'][$currencygroup['currency_id']]; ?>" placeholder="<?php echo $entry_cprice;?>" class="form-control" /></td>
                                </tr> 
                                <?php } ?>
                                <?php } ?>
                        </thead>
                    </table>
					<select name="product_option[<?php echo $option_row; ?>][product_option_value][<?php echo $option_value_row; ?>][price_prefix]" class="form-control">
            ]]></add>
		</operation>
		<operation error="log">
			<search><![CDATA[html += '  <td class="text-right"><select name="product_option[' + option_row + '][product_option_value][' + option_value_row + '][price_prefix]" class="form-control">';]]></search>
			<add position="replace"><![CDATA[
					html +='  <td class="text-right">';
					html +='<table class="table table-bordered">';
                   html += '<thead>';
                   html += '<tr>';
                   html += '<th><?php echo $entry_currency_price; ?></th>';
                   html += '<th><?php echo $entry_cprice; ?></th>';
                   html += '</tr>';
                   <?php foreach ($currency_groups as $currencygroup) { ?>
                   html += '<tr>';
                   html += '<td class="text-left"><?php echo $currencygroup['title']; ?></td>';
                   html += '<td class="text-left"><input type="text" name="product_option[' + option_row + '][product_option_value][' + option_value_row + '][currencygroup_option][<?php echo $currencygroup['currency_id']; ?>][price]" placeholder="<?php echo $entry_cprice;?>" class="form-control" /></td>';
                   html += '</tr>';
                   <?php } ?>
                   html += '</thead>';
                   html += '</table>';
                   html +='<select name="product_option[' + option_row + '][product_option_value][' + option_value_row + '][price_prefix]" class="form-control">';
            ]]></add>
		</operation>
	</file>

	<file path="catalog/model/catalog/product.php">
		<operation error="log">
			<search><![CDATA[return array(]]></search>
			<add position="before"><![CDATA[
			// xml area currency_group
				$currency_ids = $this->getCurrency();
				$groupprice_query = $this->db->query("SELECT * FROM " . DB_PREFIX . "product_currency_price WHERE product_id = '" . (int)$product_id . "' and currency_id='".$currency_ids['currency_id']."'");
			if ($groupprice_query->num_rows) {
				$query->row['price'] = $groupprice_query->row['price'];
			}
		    // xml area currency_group ends
			]]></add>
		</operation>
		
		<operation error="log">
			<search><![CDATA[$product_option_value_data[] = array(]]></search>
			<add position="before"><![CDATA[
				$currency_ids = $this->getCurrency();
			     $optionprice_query = $this->db->query("SELECT * FROM " . DB_PREFIX . "product_currency_optionvalue WHERE product_option_value_id = '" . (int)$product_option_value['product_option_value_id'] . "' and currency_id='".$currency_ids['currency_id']."'");
				if ($optionprice_query->num_rows) {
					$product_option_value['price'] = $optionprice_query->row['price'];
				}
			]]></add>
		</operation>
		
		<operation error="log">
			<search><![CDATA[public function getTotalProductSpecials() {]]></search>
			<add position="before"><![CDATA[
				/* xml start */
				public function getCurrency() {
					
					$query = $this->db->query("SELECT * FROM " . DB_PREFIX . "currency where code='".$this->session->data['currency']."'");
					
					return $query->row;
				}
				/* xml end */
			]]></add>
		</operation>
	</file>	
	
	<file path="system/library/cart/cart.php">
		<operation error="log">
			<search><![CDATA[if ($option_value_query->row['subtract'] && (!$option_value_query->row['quantity'] || ($option_value_query->row['quantity'] < $cart['quantity']))) {]]></search>
			<add position="before"><![CDATA[
					$currency_ids = $this->getCurrency();
					
					$optionprice_query = $this->db->query("SELECT * FROM " . DB_PREFIX . "product_currency_optionvalue WHERE currency_id='".$currency_ids['currency_id']."' and product_option_value_id='".$value."'");
					if ($optionprice_query->num_rows) {
					$option_value_query->row['price'] = $optionprice_query->row['price'];
				    }
			]]></add>
		</operation>	
		<operation error="log">
			<search  ><![CDATA[$product_data[] = array(]]></search>
			<add position="before"><![CDATA[
			// xml area currency_group
				$currency_ids = $this->getCurrency();
				$groupprice_query = $this->db->query("SELECT * FROM " . DB_PREFIX . "product_currency_price WHERE currency_id='".$currency_ids['currency_id']."' and product_id='".$product_query->row['product_id']."'");
				if ($groupprice_query->num_rows) {
					$price = $groupprice_query->row['price'];
				}
			// xml area currency_group ends
			]]></add>
		</operation>
		<operation error="log">
			<search><![CDATA[public function hasDownload() {]]></search>
			<add position="before"><![CDATA[
				/* xml start */
				public function getCurrency() {					
					$query = $this->db->query("SELECT * FROM " . DB_PREFIX . "currency where code='".$this->session->data['currency']."'");					
					return $query->row;
				}
				/* xml end */
			]]></add>
		</operation>	
	</file>
</modification>