<modification>
	<id></id>
	<name>Sage Inventory Export</name>
	<code>ocmod_sage_inventory_export</code>
	<version>1.0.3</version>
	<author>Kavita (office@focusindia.com)</author>
	<link></link>
	<file path="admin/controller/common/column_left.php">
		<operation>
			<search  index="0"><![CDATA[if ($sale) {]]></search>
			<add position="before"><![CDATA[
				if ($this->user->hasPermission('access', 'sale/sage_inventory_export')) {	
				$sale[] = array(
					'name'	   => $this->language->get('text_sage_inventory_export'),
					'href'     => $this->url->link('sale/sage_inventory_export', 'token=' . $this->session->data['token'], true),
					'children' => array()		
				);	
			} 
]]></add>
		</operation>
	</file>
	<file path="admin/language/*/common/column_left.php">
		<operation>
			<search  index="0"><![CDATA[$_['text_processing_status']         = 'Orders Processing'; ]]></search>
			<add position="after"><![CDATA[$_['text_sage_inventory_export']              = 'Sage Inventory Export';                       
]]></add>
		</operation>
	</file>
</modification>