<?xml version="1.0" encoding="utf-8"?>
<modification>
	<name>Redis Session Cache for OPENCART3</name>
	<code>RedisSessionCache</code>
	<version>v1.0.0.0</version>
	<link>https://github.com/asakous</link>
	<email>asakous@gmail.com</email>
	<author>Matthew Wang</author>
    <file path="catalog/model/localisation/language.php">
        <operation info="fix cache key error">
            <search><![CDATA[$language_data = $this->cache->get('language');]]></search>
            <add position="replace"><![CDATA[$language_data = $this->cache->get('catalog.language');]]></add>
        </operation>
		
    </file>
</modification>