<?xml version="1.0" encoding="utf-8"?>
<modification>
  <code>Add_BCC_Email_to_SendGrid</code>
  <name>Add BCC Email to SendGrid</name>
  <version>1.0</version>
  <author>farid</author>
  <link>mail:opencartplugin@gmail.com</link>
  <file path="catalog/controller/extension/module/digitcart_contact.php">
    <operation>
      <search>
        <![CDATA[$mail = new Mail($this->config->get('config_mail_engine'));]]>
      </search>
      <add position="replace">
        <![CDATA[$mail = new SendgridMail($this->config->get('config_mail_smtp_password'));]]>
      </add>
    </operation>
  </file>
  <file path="catalog/controller/mail/{order,affiliate,forgotten,register,transaction}.php">
    <operation>
      <search>
        <![CDATA[$mail = new Mail($this->config->get('config_mail_engine'));]]>
      </search>
      <add position="replace">
        <![CDATA[$mail = new SendgridMail($this->config->get('config_mail_smtp_password'));]]>
      </add>
    </operation>
  </file>
  <file path="catalog/controller/extension/addtoquocart.php">
    <operation>
      <search>
        <![CDATA[$mail = new Mail($this->config->get('config_mail_engine'));]]>
      </search>
      <add position="replace">
        <![CDATA[$mail = new SendgridMail($this->config->get('config_mail_smtp_password'));]]>
      </add>
    </operation>
  </file>

  <file path="catalog/controller/extension/total/voucher.php">
    <operation>
      <search>
        <![CDATA[$mail = new Mail($this->config->get('config_mail_engine'));]]>
      </search>
      <add position="replace">
        <![CDATA[$mail = new SendgridMail($this->config->get('config_mail_smtp_password'));]]>
      </add>
    </operation>
  </file>
  <file path="catalog/model/catalog/review.php">
    <operation>
      <search>
        <![CDATA[$mail = new Mail($this->config->get('config_mail_engine'));]]>
      </search>
      <add position="replace">
        <![CDATA[$mail = new SendgridMail($this->config->get('config_mail_smtp_password'));]]>
      </add>
    </operation>
  </file>
  
</modification>
