<?xml version="1.0" encoding="utf-8"?>

<!--
##=======================================================##
## @author    : OCdevWizard                              ##
## @contact   : ocdevwizard@gmail.com                    ##
## @support   : http://help.ocdevwizard.com              ##
## @copyright : (c) OCdevWizard. Cart for Journal3, 2017 ##
##=======================================================##
-->

<modification>
  <code>ocdevwizard_cart_for_journal3_100</code>
  <name>OCdevWizard: Cart for Journal3</name>
  <version>1.0.0</version>
  <author>ocdevwizard@gmail.com</author>
  <link>http://www.opencart.com/index.php?route=extension/extension&amp;filter_username=OCdevWizard</link>
  <!-- admin area -->
  <file path="admin/model/journal3/journal3.php">
    <operation error="skip">
      <search><![CDATA[public function getOpencartModules() {]]></search>
      <add position="after" offset="2"><![CDATA[
        // start: OCdevWizard Cart
        $this->load->model('extension/ocdevwizard/helper');

        $ocdw_cart_form_data = $this->model_extension_ocdevwizard_helper->getSettingData('cart_form_data', (int)$this->config->get('config_store_id'));

        if (isset($ocdw_cart_form_data['activate']) && $ocdw_cart_form_data['activate']) {
          $results[] = array(
            'name' => 'OCdevWizard Cart',
            'id'   => 'ocdw_cart'
          );
        }
        // end: OCdevWizard Cart
      ]]></add>
    </operation>
  </file>
  <!-- catalog area -->
  <file path="catalog/controller/journal3/layout.php">
    <operation error="skip">
      <search><![CDATA[public function header() {]]></search>
      <add position="before"><![CDATA[
        // start: OCdevWizard Cart
        public function ocdw_cart_js_create($data) {
          if ($data) {
            $script = (file_exists(DIR_APPLICATION.'view/javascript/ocdevwizard/cart/source.ocdw')) ? file_get_contents(DIR_APPLICATION.'view/javascript/ocdevwizard/cart/source.ocdw') : '';

            $selectors_module_call_array = explode('\r\n', stripslashes($data['selector_module_call']));
            $selectors_module_call = '';

            if ($selectors_module_call_array && $data['selector_module_call_status'] && in_array($data['display_type'], ['1','2'])) {
              foreach ($selectors_module_call_array as $result) {
                $selectors_module_call .= html_entity_decode($result)."\r\n";
              }
            }

            $routes_module_call_array = explode('\r\n', stripslashes($data['route_module_call']));
            $routes_module_call = '';

            if ($routes_module_call_array && $data['route_module_call_status'] && in_array($data['display_type'], ['1','2'])) {
              foreach ($routes_module_call_array as $result) {
                $routes_module_call .= html_entity_decode($result)."\r\n";
              }
            }

            $selectors_cart_update_array = explode('\r\n', stripslashes($data['selector_cart_update']));
            $selectors_cart_update = '';

            if ($selectors_cart_update_array) {
              foreach ($selectors_cart_update_array as $result) {
                $selectors_cart_update .= html_entity_decode($result)."\r\n";
              }
            }

            $find = [
              '{_name}',
              '{_code}',
              '{popup_background_type}',
              '{popup_close_on_content_click}',
              '{popup_close_on_bg_click}',
              '{popup_close_btn_inside}',
              '{popup_close_on_escape_key}',
              '{popup_align_top}',
              '{popup_animation_type}',
              '{loader_color}',
              '{style_background}',
              '{style_color}',
              '{background_opacity}',
              '{flatpickr_close_type}',
              '{main_product_id_selector}',
              '{display_type}',
              '{sidebar_type}',
              '{route_to_system_add_method}',
              '{selectors_module_call}',
              '{routes_module_call}',
              '{selectors_cart_update}',
              '{add_function_selector}',
              '{add_id_selector}',
              '{action_on_product_with_options}'
            ];

            $replace = [
              'cart',
              'ocdw_cart',
              $data['popup_background_type'],
              $data['popup_close_on_content_click'],
              $data['popup_close_on_bg_click'],
              $data['popup_close_btn_inside'],
              $data['popup_close_on_escape_key'],
              $data['popup_align_top'],
              $data['popup_animation_type'],
              $data['loader_color'],
              $data['style_background'],
              $data['style_color'],
              $data['background_opacity'],
              $data['flatpickr_close_type'],
              $data['main_product_id_selector'],
              $data['display_type'],
              $data['sidebar_type'],
              $data['route_to_system_add_method'],
              $selectors_module_call,
              $routes_module_call,
              $selectors_cart_update,
              json_encode(explode(',',$data['add_function_selector'])),
              json_encode(explode(',',$data['add_id_selector'])),
              $data['action_on_product_with_options']
            ];

            $script = str_replace($find, $replace, $script);

            if ($data['minify_main_js']) {
              $script = preg_replace('!/\*[^*]*\*+([^/][^*]*\*+)*/!', '', $script);
              if ($data['minify_main_js'] == 1) {
                $script = str_replace(array("\r\n", "\r"), "\n", $script);
              } else {
                $script = str_replace(array("\r\n", "\r"), "", $script);
              }
              $script = preg_replace('/[^\S\n]+/', ' ', $script);
              $script = str_replace(array(" \n", "\n "), "\n", $script);
              $script = preg_replace('/\n+/', "\n", $script);
              $script = str_replace(': ', ':', $script);
              $script = preg_replace(array('(( )+{)','({( )+)'), '{', $script);
              $script = preg_replace(array('(( )+})','(}( )+)','(;( )*})'), '}', $script);
              $script = preg_replace(array('(;( )+)','(( )+;)'), ';', $script);
              $script = str_replace(array(' {',' }','{ ','; '),array('{','}','{',';'), $script);
            }

            if (is_dir(DIR_APPLICATION.'view/javascript/ocdevwizard/cart')) {
              if (!file_exists(DIR_APPLICATION.'view/javascript/ocdevwizard/cart/main.js')) {
                file_put_contents(DIR_APPLICATION.'view/javascript/ocdevwizard/cart/main.js', $script);
              }
            } else {
              mkdir(DIR_APPLICATION.'view/javascript/ocdevwizard/cart', 0755);
              file_put_contents(DIR_APPLICATION.'view/javascript/ocdevwizard/cart/main.js', $script);
            }
          }
        }
        // end: OCdevWizard Cart
      ]]></add>
    </operation>
    <operation error="skip">
      <search><![CDATA[public function header() {]]></search>
      <add position="after"><![CDATA[
        // start: OCdevWizard Cart
        $this->load->model('extension/ocdevwizard/helper');

        $ocdw_cart_form_data = $this->model_extension_ocdevwizard_helper->getSettingData('cart_form_data', (int)$this->config->get('config_store_id'));

        if (isset($ocdw_cart_form_data['activate']) && $ocdw_cart_form_data['activate']) {
          $this->document->addStyle("catalog/view/theme/default/stylesheet/ocdevwizard/cart/stylesheet.css");

          $this->load->model('extension/ocdevwizard/cart');

          $language_id = $this->model_extension_ocdevwizard_cart->getLanguageIdByCode($this->session->data['language']);

          if (isset($ocdw_cart_form_data['direction_type'][$language_id]) && $ocdw_cart_form_data['direction_type'][$language_id] == '2') {
            $this->document->addStyle("catalog/view/theme/default/stylesheet/ocdevwizard/cart/stylesheet_rtl.css");
          }

          $this->ocdw_cart_js_create($ocdw_cart_form_data);

          if (file_exists(DIR_APPLICATION.'view/javascript/ocdevwizard/cart/main.js')) {
            $this->document->addScript("catalog/view/javascript/ocdevwizard/cart/main.js?v=".$ocdw_cart_form_data['front_module_version']);
          }
        }
        // end: OCdevWizard Cart
      ]]></add>
    </operation>
  </file>
  <!-- system area -->
  <file path="system/library/journal3/opencart/controller.php">
    <operation error="skip">
      <search><![CDATA[protected function renderGrid($data, $grid = true) {]]></search>
      <add position="after"><![CDATA[
        // start: OCdevWizard Cart
        $this->load->model('extension/ocdevwizard/helper');

        $ocdw_cart_form_data = $this->model_extension_ocdevwizard_helper->getSettingData('cart_form_data', (int)$this->config->get('config_store_id'));

        $ocdw_cart_status = 0;

        if (isset($ocdw_cart_form_data['activate']) && $ocdw_cart_form_data['activate']) {
          $ocdw_cart_status = 1;

          $this->load->model('extension/ocdevwizard/cart');
        }
        // end: OCdevWizard Cart
      ]]></add>
    </operation>
    <operation error="skip">
      <search><![CDATA[$part = explode('/', $id);]]></search>
      <add position="after"><![CDATA[
        // start: OCdevWizard Cart
        if (isset($ocdw_cart_status) && $ocdw_cart_status && ($part[0] == 'ocdw_cart')) {
          $item['item'] = $this->load->controller('extension/ocdevwizard/cart/module');
        }
        // end: OCdevWizard Cart
      ]]></add>
    </operation>
  </file>
</modification>