<?xml version="1.0" encoding="utf-8"?>

<!--
##==============================================================##
## @author    : OCdevWizard                                     ##
## @contact   : ocdevwizard@gmail.com                           ##
## @support   : http://help.ocdevwizard.com                     ##
## @copyright : (c) OCdevWizard. Cart for Hyper Positions, 2017 ##
##==============================================================##
-->

<modification>
  <code>ocdevwizard_cart_for_hyper_positions_101</code>
  <name>OCdevWizard: Cart for Hyper positions</name>
  <version>1.0.1</version>
  <author>ocdevwizard@gmail.com</author>
  <link>http://www.opencart.com/index.php?route=extension/extension&amp;filter_username=OCdevWizard</link>
  <!-- admin area -->
  <file path="admin/view/template/extension/ocdevwizard/cart/index.tpl">
    <operation error="skip">
      <search><![CDATA[<select name="form_data[position]" class="form-control">]]></search>
      <add position="replace" offset="4"><![CDATA[
        <select name="form_data[position]" class="form-control">
          <optgroup label="<?php echo $text_hyper_positions_header_pos; ?>">
            <option value="header_left" <?php echo $form_data['position'] == 'header_left' ? 'selected="selected"' : ''; ?>><?php echo $text_static_position_1; ?></option>
            <option value="header_cl" <?php echo $form_data['position'] == 'header_cl' ? 'selected="selected"' : ''; ?>><?php echo $text_hyper_positions_pos_left_center; ?></option>
            <option value="header_cr" <?php echo $form_data['position'] == 'header_cr' ? 'selected="selected"' : ''; ?>><?php echo $text_hyper_positions_pos_right_center; ?></option>
            <option value="header_right" <?php echo $form_data['position'] == 'header_right' ? 'selected="selected"' : ''; ?>><?php echo $text_static_position_2; ?></option>
          </optgroup>
          <optgroup label="<?php echo $text_hyper_positions_pos_sliders; ?>">
            <option value="pos_sliders" <?php echo $form_data['position'] == 'pos_sliders' ? 'selected="selected"' : ''; ?>><?php echo $text_hyper_positions_pos_sliders; ?></option>
          </optgroup>
          <optgroup label="<?php echo $text_hyper_positions_top_pos; ?>">
            <option value="top_left" <?php echo $form_data['position'] == 'top_left' ? 'selected="selected"' : ''; ?>><?php echo $text_static_position_1; ?></option>
            <option value="top_center" <?php echo $form_data['position'] == 'top_center' ? 'selected="selected"' : ''; ?>><?php echo $text_hyper_positions_pos_center; ?></option>
            <option value="top_right" <?php echo $form_data['position'] == 'top_right' ? 'selected="selected"' : ''; ?>><?php echo $text_static_position_2; ?></option>
          </optgroup>
          <optgroup label="<?php echo $text_hyper_positions_top1_pos; ?>">
            <option value="top1_left" <?php echo $form_data['position'] == 'top1_left' ? 'selected="selected"' : ''; ?>><?php echo $text_static_position_1; ?></option>
            <option value="top1_cl" <?php echo $form_data['position'] == 'top1_cl' ? 'selected="selected"' : ''; ?>><?php echo $text_hyper_positions_pos_left_center; ?></option>
            <option value="top1_cr" <?php echo $form_data['position'] == 'top1_cr' ? 'selected="selected"' : ''; ?>><?php echo $text_hyper_positions_pos_right_center; ?></option>
            <option value="top1_right" <?php echo $form_data['position'] == 'top1_right' ? 'selected="selected"' : ''; ?>><?php echo $text_static_position_2; ?></option>
          </optgroup>
          <optgroup label="<?php echo $text_hyper_positions_top2_pos; ?>">
            <option value="top2_left" <?php echo $form_data['position'] == 'top2_left' ? 'selected="selected"' : ''; ?>><?php echo $text_static_position_1; ?></option>
            <option value="top2_center" <?php echo $form_data['position'] == 'top2_center' ? 'selected="selected"' : ''; ?>><?php echo $text_hyper_positions_pos_center; ?></option>
            <option value="top2_right" <?php echo $form_data['position'] == 'top2_right' ? 'selected="selected"' : ''; ?>><?php echo $text_static_position_2; ?></option>
          </optgroup>
          <optgroup label="<?php echo $text_hyper_positions_banner_pos; ?>">
            <option value="pos_banner" <?php echo $form_data['position'] == 'pos_banner' ? 'selected="selected"' : ''; ?>><?php echo $text_hyper_positions_banner_pos; ?></option>
          </optgroup>
          <optgroup label="<?php echo $text_hyper_positions_top3_pos; ?>">
            <option value="top3_left" <?php echo $form_data['position'] == 'top3_left' ? 'selected="selected"' : ''; ?>><?php echo $text_static_position_1; ?></option>
            <option value="top3_cl" <?php echo $form_data['position'] == 'top3_cl' ? 'selected="selected"' : ''; ?>><?php echo $text_hyper_positions_pos_left_center; ?></option>
            <option value="top3_cr" <?php echo $form_data['position'] == 'top3_cr' ? 'selected="selected"' : ''; ?>><?php echo $text_hyper_positions_pos_right_center; ?></option>
            <option value="top3_right" <?php echo $form_data['position'] == 'top3_right' ? 'selected="selected"' : ''; ?>><?php echo $text_static_position_2; ?></option>
          </optgroup>
          <optgroup label="<?php echo $text_hyper_positions_content_pos; ?>">
            <option value="column_left" <?php echo $form_data['position'] == 'column_left' ? 'selected="selected"' : ''; ?>><?php echo $text_static_position_1; ?></option>
            <option value="column_right" <?php echo $form_data['position'] == 'column_right' ? 'selected="selected"' : ''; ?>><?php echo $text_static_position_2; ?></option>
            <option value="content_top" <?php echo $form_data['position'] == 'content_top' ? 'selected="selected"' : ''; ?>><?php echo $text_static_position_3; ?></option>
            <option value="content_bottom" <?php echo $form_data['position'] == 'content_bottom' ? 'selected="selected"' : ''; ?>><?php echo $text_static_position_4; ?></option>
          </optgroup>
          <optgroup label="<?php echo $text_hyper_positions_banner2_pos; ?>">
            <option value="pos_banner2" <?php echo $form_data['position'] == 'pos_banner2' ? 'selected="selected"' : ''; ?>><?php echo $text_hyper_positions_banner2_pos; ?></option>
          </optgroup>
          <optgroup label="<?php echo $text_hyper_positions_content2_pos; ?>">
            <option value="column2_left" <?php echo $form_data['position'] == 'column2_left' ? 'selected="selected"' : ''; ?>><?php echo $text_static_position_1; ?></option>
            <option value="column2_center" <?php echo $form_data['position'] == 'column2_center' ? 'selected="selected"' : ''; ?>><?php echo $text_hyper_positions_pos_center; ?></option>
            <option value="column2_right" <?php echo $form_data['position'] == 'column2_right' ? 'selected="selected"' : ''; ?>><?php echo $text_static_position_2; ?></option>
          </optgroup>
          <optgroup label="<?php echo $text_hyper_positions_bottom_pos; ?>">
            <option value="bottom_left" <?php echo $form_data['position'] == 'bottom_left' ? 'selected="selected"' : ''; ?>><?php echo $text_static_position_1; ?></option>
            <option value="bottom_cl" <?php echo $form_data['position'] == 'bottom_cl' ? 'selected="selected"' : ''; ?>><?php echo $text_hyper_positions_pos_left_center; ?></option>
            <option value="bottom_cr" <?php echo $form_data['position'] == 'bottom_cr' ? 'selected="selected"' : ''; ?>><?php echo $text_hyper_positions_pos_right_center; ?></option>
            <option value="bottom_right" <?php echo $form_data['position'] == 'bottom_right' ? 'selected="selected"' : ''; ?>><?php echo $text_static_position_2; ?></option>
          </optgroup>
          <optgroup label="<?php echo $text_hyper_positions_banner3_pos; ?>">
            <option value="pos_banner3" <?php echo $form_data['position'] == 'pos_banner3' ? 'selected="selected"' : ''; ?>><?php echo $text_hyper_positions_banner3_pos; ?></option>
          </optgroup>
          <optgroup label="<?php echo $text_hyper_positions_bottom1_pos; ?>">
            <option value="bottom1_left" <?php echo $form_data['position'] == 'bottom1_left' ? 'selected="selected"' : ''; ?>><?php echo $text_static_position_1; ?></option>
            <option value="bottom1_center" <?php echo $form_data['position'] == 'bottom1_center' ? 'selected="selected"' : ''; ?>><?php echo $text_hyper_positions_pos_center; ?></option>
            <option value="bottom1_right" <?php echo $form_data['position'] == 'bottom1_right' ? 'selected="selected"' : ''; ?>><?php echo $text_static_position_2; ?></option>
          </optgroup>
          <optgroup label="<?php echo $text_hyper_positions_bottom2_pos; ?>">
            <option value="bottom2_left" <?php echo $form_data['position'] == 'bottom2_left' ? 'selected="selected"' : ''; ?>><?php echo $text_static_position_1; ?></option>
            <option value="bottom2_cl" <?php echo $form_data['position'] == 'bottom2_cl' ? 'selected="selected"' : ''; ?>><?php echo $text_hyper_positions_pos_left_center; ?></option>
            <option value="bottom2_cr" <?php echo $form_data['position'] == 'bottom2_cr' ? 'selected="selected"' : ''; ?>><?php echo $text_hyper_positions_pos_right_center; ?></option>
            <option value="bottom2_right" <?php echo $form_data['position'] == 'bottom2_right' ? 'selected="selected"' : ''; ?>><?php echo $text_static_position_2; ?></option>
          </optgroup>
          <optgroup label="<?php echo $text_hyper_positions_bottom3_pos; ?>">
            <option value="bottom3_left" <?php echo $form_data['position'] == 'bottom3_left' ? 'selected="selected"' : ''; ?>><?php echo $text_static_position_1; ?></option>
            <option value="bottom3_center" <?php echo $form_data['position'] == 'bottom3_center' ? 'selected="selected"' : ''; ?>><?php echo $text_hyper_positions_pos_center; ?></option>
            <option value="bottom3_right" <?php echo $form_data['position'] == 'bottom3_right' ? 'selected="selected"' : ''; ?>><?php echo $text_static_position_2; ?></option>
          </optgroup>
          <optgroup label="<?php echo $text_hyper_positions_banner4_pos; ?>">
            <option value="pos_banner4" <?php echo $form_data['position'] == 'pos_banner4' ? 'selected="selected"' : ''; ?>><?php echo $text_hyper_positions_banner4_pos; ?></option>
          </optgroup>
          <optgroup label="<?php echo $text_hyper_positions_bottom4_pos; ?>">
            <option value="bottom4_left" <?php echo $form_data['position'] == 'bottom4_left' ? 'selected="selected"' : ''; ?>><?php echo $text_static_position_1; ?></option>
            <option value="bottom4_center" <?php echo $form_data['position'] == 'bottom4_center' ? 'selected="selected"' : ''; ?>><?php echo $text_hyper_positions_pos_center; ?></option>
            <option value="bottom4_right" <?php echo $form_data['position'] == 'bottom4_right' ? 'selected="selected"' : ''; ?>><?php echo $text_static_position_2; ?></option>
          </optgroup>
          <optgroup label="<?php echo $text_hyper_positions_footer_pos; ?>">
            <option value="footer_left" <?php echo $form_data['position'] == 'footer_left' ? 'selected="selected"' : ''; ?>><?php echo $text_static_position_1; ?></option>
            <option value="footer_cl" <?php echo $form_data['position'] == 'footer_cl' ? 'selected="selected"' : ''; ?>><?php echo $text_hyper_positions_pos_left_center; ?></option>
            <option value="footer_cr" <?php echo $form_data['position'] == 'footer_cr' ? 'selected="selected"' : ''; ?>><?php echo $text_hyper_positions_pos_right_center; ?></option>
            <option value="footer_right" <?php echo $form_data['position'] == 'footer_right' ? 'selected="selected"' : ''; ?>><?php echo $text_static_position_2; ?></option>
          </optgroup>
          <optgroup label="<?php echo $text_hyper_positions_map_pos; ?>">
            <option value="map_left" <?php echo $form_data['position'] == 'map_left' ? 'selected="selected"' : ''; ?>><?php echo $text_static_position_1; ?></option>
            <option value="map_center" <?php echo $form_data['position'] == 'map_center' ? 'selected="selected"' : ''; ?>><?php echo $text_hyper_positions_pos_center; ?></option>
            <option value="map_right" <?php echo $form_data['position'] == 'map_right' ? 'selected="selected"' : ''; ?>><?php echo $text_static_position_2; ?></option>
          </optgroup>
          <optgroup label="<?php echo $text_hyper_positions_footer2_pos; ?>">
            <option value="footer2_left" <?php echo $form_data['position'] == 'footer2_left' ? 'selected="selected"' : ''; ?>><?php echo $text_static_position_1; ?></option>
            <option value="footer2_cl" <?php echo $form_data['position'] == 'footer2_cl' ? 'selected="selected"' : ''; ?>><?php echo $text_hyper_positions_pos_left_center; ?></option>
            <option value="footer2_cr" <?php echo $form_data['position'] == 'footer2_cr' ? 'selected="selected"' : ''; ?>><?php echo $text_hyper_positions_pos_right_center; ?></option>
            <option value="footer2_right" <?php echo $form_data['position'] == 'footer2_right' ? 'selected="selected"' : ''; ?>><?php echo $text_static_position_2; ?></option>
          </optgroup>
          <optgroup label="<?php echo $text_hyper_positions_footer3_pos; ?>">
            <option value="footer3_left" <?php echo $form_data['position'] == 'footer3_left' ? 'selected="selected"' : ''; ?>><?php echo $text_static_position_1; ?></option>
            <option value="footer3_cent" <?php echo $form_data['position'] == 'footer3_cent' ? 'selected="selected"' : ''; ?>><?php echo $text_hyper_positions_pos_center; ?></option>
            <option value="footer3_right" <?php echo $form_data['position'] == 'footer3_right' ? 'selected="selected"' : ''; ?>><?php echo $text_static_position_2; ?></option>
          </optgroup>
          <optgroup label="<?php echo $text_hyper_positions_footer4_pos; ?>">
            <option value="footer4_left" <?php echo $form_data['position'] == 'footer4_left' ? 'selected="selected"' : ''; ?>><?php echo $text_static_position_1; ?></option>
            <option value="footer4_cl" <?php echo $form_data['position'] == 'footer4_cl' ? 'selected="selected"' : ''; ?>><?php echo $text_hyper_positions_pos_left_center; ?></option>
            <option value="footer4_cr" <?php echo $form_data['position'] == 'footer4_cr' ? 'selected="selected"' : ''; ?>><?php echo $text_hyper_positions_pos_right_center; ?></option>
            <option value="footer4_right" <?php echo $form_data['position'] == 'footer4_right' ? 'selected="selected"' : ''; ?>><?php echo $text_static_position_2; ?></option>
          </optgroup>
          <optgroup label="<?php echo $text_hyper_positions_footer5_pos; ?>">
            <option value="footer5_left" <?php echo $form_data['position'] == 'footer5_left' ? 'selected="selected"' : ''; ?>><?php echo $text_static_position_1; ?></option>
            <option value="footer5_center" <?php echo $form_data['position'] == 'footer5_center' ? 'selected="selected"' : ''; ?>><?php echo $text_hyper_positions_pos_center; ?></option>
            <option value="footer5_left" <?php echo $form_data['position'] == 'footer5_left' ? 'selected="selected"' : ''; ?>><?php echo $text_static_position_2; ?></option>
          </optgroup>
          <optgroup label="<?php echo $text_hyper_positions_copyright_pos; ?>">
            <option value="copy_left" <?php echo $form_data['position'] == 'copy_left' ? 'selected="selected"' : ''; ?>><?php echo $text_static_position_1; ?></option>
            <option value="copy_center" <?php echo $form_data['position'] == 'copy_center' ? 'selected="selected"' : ''; ?>><?php echo $text_hyper_positions_pos_center; ?></option>
            <option value="copy_right" <?php echo $form_data['position'] == 'copy_right' ? 'selected="selected"' : ''; ?>><?php echo $text_static_position_2; ?></option>
          </optgroup>
          <optgroup label="<?php echo $text_hyper_positions_copyright2_pos; ?>">
            <option value="copy2_left" <?php echo $form_data['position'] == 'copy2_left' ? 'selected="selected"' : ''; ?>><?php echo $text_static_position_1; ?></option>
            <option value="copy2_center" <?php echo $form_data['position'] == 'copy2_center' ? 'selected="selected"' : ''; ?>><?php echo $text_hyper_positions_pos_center; ?></option>
            <option value="copy2_right" <?php echo $form_data['position'] == 'copy2_right' ? 'selected="selected"' : ''; ?>><?php echo $text_static_position_2; ?></option>
          </optgroup>
      ]]></add>
    </operation>
  </file>
  <file path="admin/view/template/extension/ocdevwizard/cart/index.twig">
    <operation error="skip">
      <search><![CDATA[<select name="form_data[position]" class="form-control">]]></search>
      <add position="replace" offset="4"><![CDATA[
        <select name="form_data[position]" class="form-control">
          <optgroup label="{{ text_hyper_positions_header_pos }}">
            <option value="header_left" {{ form_data['position'] == 'header_left' ? 'selected="selected"' : '' }}>{{ text_static_position_1 }}</option>
            <option value="header_cl" {{ form_data['position'] == 'header_cl' ? 'selected="selected"' : '' }}>{{ text_hyper_positions_pos_left_center }}</option>
            <option value="header_cr" {{ form_data['position'] == 'header_cr' ? 'selected="selected"' : '' }}>{{ text_hyper_positions_pos_right_center }}</option>
            <option value="header_right" {{ form_data['position'] == 'header_right' ? 'selected="selected"' : '' }}>{{ text_static_position_2 }}</option>
          </optgroup>
          <optgroup label="{{ text_hyper_positions_pos_sliders }}">
            <option value="pos_sliders" {{ form_data['position'] == 'pos_sliders' ? 'selected="selected"' : '' }}>{{ text_hyper_positions_pos_sliders }}</option>
          </optgroup>
          <optgroup label="{{ text_hyper_positions_top_pos }}">
            <option value="top_left" {{ form_data['position'] == 'top_left' ? 'selected="selected"' : '' }}>{{ text_static_position_1 }}</option>
            <option value="top_center" {{ form_data['position'] == 'top_center' ? 'selected="selected"' : '' }}>{{ text_hyper_positions_pos_center }}</option>
            <option value="top_right" {{ form_data['position'] == 'top_right' ? 'selected="selected"' : '' }}>{{ text_static_position_2 }}</option>
          </optgroup>
          <optgroup label="{{ text_hyper_positions_top1_pos }}">
            <option value="top1_left" {{ form_data['position'] == 'top1_left' ? 'selected="selected"' : '' }}>{{ text_static_position_1 }}</option>
            <option value="top1_cl" {{ form_data['position'] == 'top1_cl' ? 'selected="selected"' : '' }}>{{ text_hyper_positions_pos_left_center }}</option>
            <option value="top1_cr" {{ form_data['position'] == 'top1_cr' ? 'selected="selected"' : '' }}>{{ text_hyper_positions_pos_right_center }}</option>
            <option value="top1_right" {{ form_data['position'] == 'top1_right' ? 'selected="selected"' : '' }}>{{ text_static_position_2 }}</option>
          </optgroup>
          <optgroup label="{{ text_hyper_positions_top2_pos }}">
            <option value="top2_left" {{ form_data['position'] == 'top2_left' ? 'selected="selected"' : '' }}>{{ text_static_position_1 }}</option>
            <option value="top2_center" {{ form_data['position'] == 'top2_center' ? 'selected="selected"' : '' }}>{{ text_hyper_positions_pos_center }}</option>
            <option value="top2_right" {{ form_data['position'] == 'top2_right' ? 'selected="selected"' : '' }}>{{ text_static_position_2 }}</option>
          </optgroup>
          <optgroup label="{{ text_hyper_positions_banner_pos }}">
            <option value="pos_banner" {{ form_data['position'] == 'pos_banner' ? 'selected="selected"' : '' }}>{{ text_hyper_positions_banner_pos }}</option>
          </optgroup>
          <optgroup label="{{ text_hyper_positions_top3_pos }}">
            <option value="top3_left" {{ form_data['position'] == 'top3_left' ? 'selected="selected"' : '' }}>{{ text_static_position_1 }}</option>
            <option value="top3_cl" {{ form_data['position'] == 'top3_cl' ? 'selected="selected"' : '' }}>{{ text_hyper_positions_pos_left_center }}</option>
            <option value="top3_cr" {{ form_data['position'] == 'top3_cr' ? 'selected="selected"' : '' }}>{{ text_hyper_positions_pos_right_center }}</option>
            <option value="top3_right" {{ form_data['position'] == 'top3_right' ? 'selected="selected"' : '' }}>{{ text_static_position_2 }}</option>
          </optgroup>
          <optgroup label="{{ text_hyper_positions_content_pos }}">
            <option value="column_left" {{ form_data['position'] == 'column_left' ? 'selected="selected"' : '' }}>{{ text_static_position_1 }}</option>
            <option value="column_right" {{ form_data['position'] == 'column_right' ? 'selected="selected"' : '' }}>{{ text_static_position_2 }}</option>
            <option value="content_top" {{ form_data['position'] == 'content_top' ? 'selected="selected"' : '' }}>{{ text_static_position_3 }}</option>
            <option value="content_bottom" {{ form_data['position'] == 'content_bottom' ? 'selected="selected"' : '' }}>{{ text_static_position_4 }}</option>
          </optgroup>
          <optgroup label="{{ text_hyper_positions_banner2_pos }}">
            <option value="pos_banner2" {{ form_data['position'] == 'pos_banner2' ? 'selected="selected"' : '' }}>{{ text_hyper_positions_banner2_pos }}</option>
          </optgroup>
          <optgroup label="{{ text_hyper_positions_content2_pos }}">
            <option value="column2_left" {{ form_data['position'] == 'column2_left' ? 'selected="selected"' : '' }}>{{ text_static_position_1 }}</option>
            <option value="column2_center" {{ form_data['position'] == 'column2_center' ? 'selected="selected"' : '' }}>{{ text_hyper_positions_pos_center }}</option>
            <option value="column2_right" {{ form_data['position'] == 'column2_right' ? 'selected="selected"' : '' }}>{{ text_static_position_2 }}</option>
          </optgroup>
          <optgroup label="{{ text_hyper_positions_bottom_pos }}">
            <option value="bottom_left" {{ form_data['position'] == 'bottom_left' ? 'selected="selected"' : '' }}>{{ text_static_position_1 }}</option>
            <option value="bottom_cl" {{ form_data['position'] == 'bottom_cl' ? 'selected="selected"' : '' }}>{{ text_hyper_positions_pos_left_center }}</option>
            <option value="bottom_cr" {{ form_data['position'] == 'bottom_cr' ? 'selected="selected"' : '' }}>{{ text_hyper_positions_pos_right_center }}</option>
            <option value="bottom_right" {{ form_data['position'] == 'bottom_right' ? 'selected="selected"' : '' }}>{{ text_static_position_2 }}</option>
          </optgroup>
          <optgroup label="{{ text_hyper_positions_banner3_pos }}">
            <option value="pos_banner3" {{ form_data['position'] == 'pos_banner3' ? 'selected="selected"' : '' }}>{{ text_hyper_positions_banner3_pos }}</option>
          </optgroup>
          <optgroup label="{{ text_hyper_positions_bottom1_pos }}">
            <option value="bottom1_left" {{ form_data['position'] == 'bottom1_left' ? 'selected="selected"' : '' }}>{{ text_static_position_1 }}</option>
            <option value="bottom1_center" {{ form_data['position'] == 'bottom1_center' ? 'selected="selected"' : '' }}>{{ text_hyper_positions_pos_center }}</option>
            <option value="bottom1_right" {{ form_data['position'] == 'bottom1_right' ? 'selected="selected"' : '' }}>{{ text_static_position_2 }}</option>
          </optgroup>
          <optgroup label="{{ text_hyper_positions_bottom2_pos }}">
            <option value="bottom2_left" {{ form_data['position'] == 'bottom2_left' ? 'selected="selected"' : '' }}>{{ text_static_position_1 }}</option>
            <option value="bottom2_cl" {{ form_data['position'] == 'bottom2_cl' ? 'selected="selected"' : '' }}>{{ text_hyper_positions_pos_left_center }}</option>
            <option value="bottom2_cr" {{ form_data['position'] == 'bottom2_cr' ? 'selected="selected"' : '' }}>{{ text_hyper_positions_pos_right_center }}</option>
            <option value="bottom2_right" {{ form_data['position'] == 'bottom2_right' ? 'selected="selected"' : '' }}>{{ text_static_position_2 }}</option>
          </optgroup>
          <optgroup label="{{ text_hyper_positions_bottom3_pos }}">
            <option value="bottom3_left" {{ form_data['position'] == 'bottom3_left' ? 'selected="selected"' : '' }}>{{ text_static_position_1 }}</option>
            <option value="bottom3_center" {{ form_data['position'] == 'bottom3_center' ? 'selected="selected"' : '' }}>{{ text_hyper_positions_pos_center }}</option>
            <option value="bottom3_right" {{ form_data['position'] == 'bottom3_right' ? 'selected="selected"' : '' }}>{{ text_static_position_2 }}</option>
          </optgroup>
          <optgroup label="{{ text_hyper_positions_banner4_pos }}">
            <option value="pos_banner4" {{ form_data['position'] == 'pos_banner4' ? 'selected="selected"' : '' }}>{{ text_hyper_positions_banner4_pos }}</option>
          </optgroup>
          <optgroup label="{{ text_hyper_positions_bottom4_pos }}">
            <option value="bottom4_left" {{ form_data['position'] == 'bottom4_left' ? 'selected="selected"' : '' }}>{{ text_static_position_1 }}</option>
            <option value="bottom4_center" {{ form_data['position'] == 'bottom4_center' ? 'selected="selected"' : '' }}>{{ text_hyper_positions_pos_center }}</option>
            <option value="bottom4_right" {{ form_data['position'] == 'bottom4_right' ? 'selected="selected"' : '' }}>{{ text_static_position_2 }}</option>
          </optgroup>
          <optgroup label="{{ text_hyper_positions_footer_pos }}">
            <option value="footer_left" {{ form_data['position'] == 'footer_left' ? 'selected="selected"' : '' }}>{{ text_static_position_1 }}</option>
            <option value="footer_cl" {{ form_data['position'] == 'footer_cl' ? 'selected="selected"' : '' }}>{{ text_hyper_positions_pos_left_center }}</option>
            <option value="footer_cr" {{ form_data['position'] == 'footer_cr' ? 'selected="selected"' : '' }}>{{ text_hyper_positions_pos_right_center }}</option>
            <option value="footer_right" {{ form_data['position'] == 'footer_right' ? 'selected="selected"' : '' }}>{{ text_static_position_2 }}</option>
          </optgroup>
          <optgroup label="{{ text_hyper_positions_map_pos }}">
            <option value="map_left" {{ form_data['position'] == 'map_left' ? 'selected="selected"' : '' }}>{{ text_static_position_1 }}</option>
            <option value="map_center" {{ form_data['position'] == 'map_center' ? 'selected="selected"' : '' }}>{{ text_hyper_positions_pos_center }}</option>
            <option value="map_right" {{ form_data['position'] == 'map_right' ? 'selected="selected"' : '' }}>{{ text_static_position_2 }}</option>
          </optgroup>
          <optgroup label="{{ text_hyper_positions_footer2_pos }}">
            <option value="footer2_left" {{ form_data['position'] == 'footer2_left' ? 'selected="selected"' : '' }}>{{ text_static_position_1 }}</option>
            <option value="footer2_cl" {{ form_data['position'] == 'footer2_cl' ? 'selected="selected"' : '' }}>{{ text_hyper_positions_pos_left_center }}</option>
            <option value="footer2_cr" {{ form_data['position'] == 'footer2_cr' ? 'selected="selected"' : '' }}>{{ text_hyper_positions_pos_right_center }}</option>
            <option value="footer2_right" {{ form_data['position'] == 'footer2_right' ? 'selected="selected"' : '' }}>{{ text_static_position_2 }}</option>
          </optgroup>
          <optgroup label="{{ text_hyper_positions_footer3_pos }}">
            <option value="footer3_left" {{ form_data['position'] == 'footer3_left' ? 'selected="selected"' : '' }}>{{ text_static_position_1 }}</option>
            <option value="footer3_cent" {{ form_data['position'] == 'footer3_cent' ? 'selected="selected"' : '' }}>{{ text_hyper_positions_pos_center }}</option>
            <option value="footer3_right" {{ form_data['position'] == 'footer3_right' ? 'selected="selected"' : '' }}>{{ text_static_position_2 }}</option>
          </optgroup>
          <optgroup label="{{ text_hyper_positions_footer4_pos }}">
            <option value="footer4_left" {{ form_data['position'] == 'footer4_left' ? 'selected="selected"' : '' }}>{{ text_static_position_1 }}</option>
            <option value="footer4_cl" {{ form_data['position'] == 'footer4_cl' ? 'selected="selected"' : '' }}>{{ text_hyper_positions_pos_left_center }}</option>
            <option value="footer4_cr" {{ form_data['position'] == 'footer4_cr' ? 'selected="selected"' : '' }}>{{ text_hyper_positions_pos_right_center }}</option>
            <option value="footer4_right" {{ form_data['position'] == 'footer4_right' ? 'selected="selected"' : '' }}>{{ text_static_position_2 }}</option>
          </optgroup>
          <optgroup label="{{ text_hyper_positions_footer5_pos }}">
            <option value="footer5_left" {{ form_data['position'] == 'footer5_left' ? 'selected="selected"' : '' }}>{{ text_static_position_1 }}</option>
            <option value="footer5_center" {{ form_data['position'] == 'footer5_center' ? 'selected="selected"' : '' }}>{{ text_hyper_positions_pos_center }}</option>
            <option value="footer5_left" {{ form_data['position'] == 'footer5_left' ? 'selected="selected"' : '' }}>{{ text_static_position_2 }}</option>
          </optgroup>
          <optgroup label="{{ text_hyper_positions_copyright_pos }}">
            <option value="copy_left" {{ form_data['position'] == 'copy_left' ? 'selected="selected"' : '' }}>{{ text_static_position_1 }}</option>
            <option value="copy_center" {{ form_data['position'] == 'copy_center' ? 'selected="selected"' : '' }}>{{ text_hyper_positions_pos_center }}</option>
            <option value="copy_right" {{ form_data['position'] == 'copy_right' ? 'selected="selected"' : '' }}>{{ text_static_position_2 }}</option>
          </optgroup>
          <optgroup label="{{ text_hyper_positions_copyright2_pos }}">
            <option value="copy2_left" {{ form_data['position'] == 'copy2_left' ? 'selected="selected"' : '' }}>{{ text_static_position_1 }}</option>
            <option value="copy2_center" {{ form_data['position'] == 'copy2_center' ? 'selected="selected"' : '' }}>{{ text_hyper_positions_pos_center }}</option>
            <option value="copy2_right" {{ form_data['position'] == 'copy2_right' ? 'selected="selected"' : '' }}>{{ text_static_position_2 }}</option>
          </optgroup>
      ]]></add>
    </operation>
  </file>
  <file path="admin/language/{en-gb,english}/extension/ocdevwizard/cart.php">
    <operation error="skip">
      <search><![CDATA[<?php]]></search>
      <add position="after"><![CDATA[
        $_['text_hyper_positions_pos_left_center']  = 'Left center';
        $_['text_hyper_positions_pos_center']			  = 'Central column';
        $_['text_hyper_positions_pos_right_center'] = 'Right center';
        // HEADER
        $_['text_hyper_positions_header_pos']			  = 'TOP HEADER';
        // TOP
        $_['text_hyper_positions_pos_sliders']			= 'SLIDESHOW';
        $_['text_hyper_positions_top_pos']			    = 'TOP';
        $_['text_hyper_positions_top1_pos']			    = 'TOP 1';
        $_['text_hyper_positions_top2_pos']			    = 'TOP 2';
        $_['text_hyper_positions_banner_pos']		    = 'BANNER 1';
        $_['text_hyper_positions_top3_pos']			    = 'TOP 3';
        // CONTENT
        $_['text_hyper_positions_content_pos']			= 'MAIN CONTENT';
        $_['text_hyper_positions_banner2_pos']			= 'BANNER 2';
        $_['text_hyper_positions_content2_pos']			= 'CONTENT 2';
        // BOTTOM
        $_['text_hyper_positions_bottom_pos']			  = 'BOTTOM UNIT';
        $_['text_hyper_positions_banner3_pos']			= 'BANNER 3';
        $_['text_hyper_positions_bottom1_pos']			= 'BOTTOM UNIT 1';
        $_['text_hyper_positions_bottom2_pos']			= 'BOTTOM UNIT 2';
        $_['text_hyper_positions_bottom3_pos']			= 'BOTTOM UNIT 3';
        $_['text_hyper_positions_banner4_pos']			= 'BANNER 4';
        $_['text_hyper_positions_bottom4_pos']			= 'BOTTOM UNIT 4';
        // FOOTER
        $_['text_hyper_positions_footer_pos']			  = 'FOOTER 1';
        $_['text_hyper_positions_map_pos']				  = 'MAP';
        $_['text_hyper_positions_footer2_pos']			= 'FOOTER 2';
        $_['text_hyper_positions_footer3_pos']			= 'FOOTER 3';
        $_['text_hyper_positions_footer4_pos']			= 'FOOTER 4';
        $_['text_hyper_positions_footer5_pos']			= 'FOOTER 5';
        $_['text_hyper_positions_copyright_pos']		= 'COPYRIGHT';
        $_['text_hyper_positions_copyright2_pos']		= 'COPYRIGHT 2';
      ]]></add>
    </operation>
  </file>
  <file path="admin/language/{ru-ru,russian}/extension/ocdevwizard/cart.php">
    <operation error="skip">
      <search><![CDATA[<?php]]></search>
      <add position="after"><![CDATA[
        $_['text_hyper_positions_pos_left_center']	= 'Левый центр';
        $_['text_hyper_positions_pos_center']			  = 'Центральная колонка';
        $_['text_hyper_positions_pos_right_center'] = 'Правый центр';
        // HEADER
        $_['text_hyper_positions_header_pos']			  = 'ТОП ХЕДЕР';
        // TOP
        $_['text_hyper_positions_pos_sliders']			= 'СЛАЙДЕР';
        $_['text_hyper_positions_top_pos']				  = 'ТОП';
        $_['text_hyper_positions_top1_pos']				  = 'ТОП 1';
        $_['text_hyper_positions_top2_pos']				  = 'ТОП 2';
        $_['text_hyper_positions_banner_pos']			  = 'БАННЕР 1';
        $_['text_hyper_positions_top3_pos']				  = 'ТОП 3';
        // CONTENT
        $_['text_hyper_positions_content_pos']			= 'ОСНОВНОЙ КОНТЕНТ';
        $_['text_hyper_positions_banner2_pos']			= 'БАННЕР 2';
        $_['text_hyper_positions_content2_pos']			= 'КОНТЕНТ 2';
        // BOTTOM
        $_['text_hyper_positions_bottom_pos']			  = 'НИЖНИЙ БЛОК';
        $_['text_hyper_positions_banner3_pos']			= 'БАННЕР 3';
        $_['text_hyper_positions_bottom1_pos']			= 'НИЖНИЙ БЛОК 1';
        $_['text_hyper_positions_bottom2_pos']			= 'НИЖНИЙ БЛОК 2';
        $_['text_hyper_positions_bottom3_pos']			= 'НИЖНИЙ БЛОК 3';
        $_['text_hyper_positions_banner4_pos']			= 'БАННЕР 4';
        $_['text_hyper_positions_bottom4_pos']			= 'НИЖНИЙ БЛОК 4';
        // FOOTER
        $_['text_hyper_positions_footer_pos']			  = 'ФУТЕР 1';
        $_['text_hyper_positions_map_pos']			  	= 'MAP';
        $_['text_hyper_positions_footer2_pos']			= 'ФУТЕР 2';
        $_['text_hyper_positions_footer3_pos']			= 'ФУТЕР 3';
        $_['text_hyper_positions_footer4_pos']			= 'ФУТЕР 4';
        $_['text_hyper_positions_footer5_pos']			= 'ФУТЕР 5';
        $_['text_hyper_positions_copyright_pos']		= 'КОПИРАЙТ';
        $_['text_hyper_positions_copyright2_pos']		= 'КОПИРАЙТ 2';
      ]]></add>
    </operation>
  </file>
  <file path="catalog/controller/common/hyper_positions_top_header.php">
    <operation error="skip">
      <search><![CDATA[public function index() {]]></search>
      <add position="after"><![CDATA[
        // start: OCdevWizard Cart
        $this->load->model('extension/ocdevwizard/helper');

        $ocdw_cart_form_data = $this->model_extension_ocdevwizard_helper->getSettingData('cart_form_data', (int)$this->config->get('config_store_id'));

        $ocdw_cart_status = 0;

        if (isset($ocdw_cart_form_data['activate']) && $ocdw_cart_form_data['activate']) {
          $ocdw_cart_status = 1;

          $this->load->model('extension/ocdevwizard/cart');
        }
        // end: OCdevWizard Cart
      ]]></add>
    </operation>
    <operation error="skip">
      <search><![CDATA[$modules = $this->model_design_layout->getLayoutModules($layout_id, 'header_left');]]></search>
      <add position="after"><![CDATA[
        // start: OCdevWizard Cart
        if (isset($ocdw_cart_status) && $ocdw_cart_status) {
          $ocdw_cart_modules = $this->model_extension_ocdevwizard_cart->getModules($layout_id, 'header_left');
        }
        // end: OCdevWizard Cart
      ]]></add>
    </operation>
    <operation error="skip">
      <search><![CDATA[$modules = $this->model_design_layout->getLayoutModules($layout_id, 'header_cl');]]></search>
      <add position="after"><![CDATA[
        // start: OCdevWizard Cart
        if (isset($ocdw_cart_status) && $ocdw_cart_status) {
          $ocdw_cart_modules = $this->model_extension_ocdevwizard_cart->getModules($layout_id, 'header_cl');
        }
        // end: OCdevWizard Cart
      ]]></add>
    </operation>
    <operation error="skip">
      <search><![CDATA[$modules = $this->model_design_layout->getLayoutModules($layout_id, 'header_cr');]]></search>
      <add position="after"><![CDATA[
        // start: OCdevWizard Cart
        if (isset($ocdw_cart_status) && $ocdw_cart_status) {
          $ocdw_cart_modules = $this->model_extension_ocdevwizard_cart->getModules($layout_id, 'header_cr');
        }
        // end: OCdevWizard Cart
      ]]></add>
    </operation>
    <operation error="skip">
      <search><![CDATA[$modules = $this->model_design_layout->getLayoutModules($layout_id, 'header_right');]]></search>
      <add position="after"><![CDATA[
        // start: OCdevWizard Cart
        if (isset($ocdw_cart_status) && $ocdw_cart_status) {
          $ocdw_cart_modules = $this->model_extension_ocdevwizard_cart->getModules($layout_id, 'header_right');
        }
        // end: OCdevWizard Cart
      ]]></add>
    </operation>
    <operation error="skip">
      <search><![CDATA[foreach ($modules as $module) {]]></search>
      <add position="before"><![CDATA[
        // start: OCdevWizard Cart
        if (isset($ocdw_cart_status) && $ocdw_cart_status) {
          if (isset($ocdw_cart_modules) && $ocdw_cart_modules) {
            $modules = array_merge($modules, $ocdw_cart_modules);

            $sort_order = [];

            foreach ($modules as $key => $value) {
              $sort_order[$key] = $value['sort_order'];
            }

            array_multisort($sort_order, SORT_ASC, $modules);
          }
        }
        // end: OCdevWizard Cart
      ]]></add>
    </operation>
    <operation error="skip">
      <search><![CDATA[if (isset($part[1])) {]]></search>
      <add position="after"><![CDATA[
        // start: OCdevWizard Cart
        if (isset($ocdw_cart_status) && $ocdw_cart_status && ($part[1] && $part[0] == 'ocdw_cart')) {
          $data['modules'.$i][] = $this->load->controller('extension/ocdevwizard/cart/module');
        }
        // end: OCdevWizard Cart
      ]]></add>
    </operation>
  </file>
  <file path="catalog/controller/common/hyper_positions_top_content.php">
    <operation error="skip">
      <search><![CDATA[public function index() {]]></search>
      <add position="after"><![CDATA[
        // start: OCdevWizard Cart
        $this->load->model('extension/ocdevwizard/helper');

        $ocdw_cart_form_data = $this->model_extension_ocdevwizard_helper->getSettingData('cart_form_data', (int)$this->config->get('config_store_id'));

        $ocdw_cart_status = 0;

        if (isset($ocdw_cart_form_data['activate']) && $ocdw_cart_form_data['activate']) {
          $ocdw_cart_status = 1;

          $this->load->model('extension/ocdevwizard/cart');
        }
        // end: OCdevWizard Cart
      ]]></add>
    </operation>
    <operation error="skip">
      <search><![CDATA[$modules = $this->model_design_layout->getLayoutModules($layout_id, 'pos_sliders');]]></search>
      <add position="after"><![CDATA[
        // start: OCdevWizard Cart
        if (isset($ocdw_cart_status) && $ocdw_cart_status) {
          $ocdw_cart_modules = $this->model_extension_ocdevwizard_cart->getModules($layout_id, 'pos_sliders');
        }
        // end: OCdevWizard Cart
      ]]></add>
    </operation>
    <operation error="skip">
      <search><![CDATA[$modules = $this->model_design_layout->getLayoutModules($layout_id, 'top_left');]]></search>
      <add position="after"><![CDATA[
        // start: OCdevWizard Cart
        if (isset($ocdw_cart_status) && $ocdw_cart_status) {
          $ocdw_cart_modules = $this->model_extension_ocdevwizard_cart->getModules($layout_id, 'top_left');
        }
        // end: OCdevWizard Cart
      ]]></add>
    </operation>
    <operation error="skip">
      <search><![CDATA[$modules = $this->model_design_layout->getLayoutModules($layout_id, 'top_center');]]></search>
      <add position="after"><![CDATA[
        // start: OCdevWizard Cart
        if (isset($ocdw_cart_status) && $ocdw_cart_status) {
          $ocdw_cart_modules = $this->model_extension_ocdevwizard_cart->getModules($layout_id, 'top_center');
        }
        // end: OCdevWizard Cart
      ]]></add>
    </operation>
    <operation error="skip">
      <search><![CDATA[$modules = $this->model_design_layout->getLayoutModules($layout_id, 'top_right');]]></search>
      <add position="after"><![CDATA[
        // start: OCdevWizard Cart
        if (isset($ocdw_cart_status) && $ocdw_cart_status) {
          $ocdw_cart_modules = $this->model_extension_ocdevwizard_cart->getModules($layout_id, 'top_right');
        }
        // end: OCdevWizard Cart
      ]]></add>
    </operation>
    <operation error="skip">
      <search><![CDATA[$modules = $this->model_design_layout->getLayoutModules($layout_id, 'top1_left');]]></search>
      <add position="after"><![CDATA[
        // start: OCdevWizard Cart
        if (isset($ocdw_cart_status) && $ocdw_cart_status) {
          $ocdw_cart_modules = $this->model_extension_ocdevwizard_cart->getModules($layout_id, 'top1_left');
        }
        // end: OCdevWizard Cart
      ]]></add>
    </operation>
    <operation error="skip">
      <search><![CDATA[$modules = $this->model_design_layout->getLayoutModules($layout_id, 'top1_cl');]]></search>
      <add position="after"><![CDATA[
        // start: OCdevWizard Cart
        if (isset($ocdw_cart_status) && $ocdw_cart_status) {
          $ocdw_cart_modules = $this->model_extension_ocdevwizard_cart->getModules($layout_id, 'top1_cl');
        }
        // end: OCdevWizard Cart
      ]]></add>
    </operation>
    <operation error="skip">
      <search><![CDATA[$modules = $this->model_design_layout->getLayoutModules($layout_id, 'top1_cr');]]></search>
      <add position="after"><![CDATA[
        // start: OCdevWizard Cart
        if (isset($ocdw_cart_status) && $ocdw_cart_status) {
          $ocdw_cart_modules = $this->model_extension_ocdevwizard_cart->getModules($layout_id, 'top1_cr');
        }
        // end: OCdevWizard Cart
      ]]></add>
    </operation>
    <operation error="skip">
      <search><![CDATA[$modules = $this->model_design_layout->getLayoutModules($layout_id, 'top1_right');]]></search>
      <add position="after"><![CDATA[
        // start: OCdevWizard Cart
        if (isset($ocdw_cart_status) && $ocdw_cart_status) {
          $ocdw_cart_modules = $this->model_extension_ocdevwizard_cart->getModules($layout_id, 'top1_right');
        }
        // end: OCdevWizard Cart
      ]]></add>
    </operation>
    <operation error="skip">
      <search><![CDATA[$modules = $this->model_design_layout->getLayoutModules($layout_id, 'top2_left');]]></search>
      <add position="after"><![CDATA[
        // start: OCdevWizard Cart
        if (isset($ocdw_cart_status) && $ocdw_cart_status) {
          $ocdw_cart_modules = $this->model_extension_ocdevwizard_cart->getModules($layout_id, 'top2_left');
        }
        // end: OCdevWizard Cart
      ]]></add>
    </operation>
    <operation error="skip">
      <search><![CDATA[$modules = $this->model_design_layout->getLayoutModules($layout_id, 'top2_center');]]></search>
      <add position="after"><![CDATA[
        // start: OCdevWizard Cart
        if (isset($ocdw_cart_status) && $ocdw_cart_status) {
          $ocdw_cart_modules = $this->model_extension_ocdevwizard_cart->getModules($layout_id, 'top2_center');
        }
        // end: OCdevWizard Cart
      ]]></add>
    </operation>
    <operation error="skip">
      <search><![CDATA[$modules = $this->model_design_layout->getLayoutModules($layout_id, 'top2_right');]]></search>
      <add position="after"><![CDATA[
        // start: OCdevWizard Cart
        if (isset($ocdw_cart_status) && $ocdw_cart_status) {
          $ocdw_cart_modules = $this->model_extension_ocdevwizard_cart->getModules($layout_id, 'top2_right');
        }
        // end: OCdevWizard Cart
      ]]></add>
    </operation>
    <operation error="skip">
      <search><![CDATA[$modules = $this->model_design_layout->getLayoutModules($layout_id, 'pos_banner');]]></search>
      <add position="after"><![CDATA[
        // start: OCdevWizard Cart
        if (isset($ocdw_cart_status) && $ocdw_cart_status) {
          $ocdw_cart_modules = $this->model_extension_ocdevwizard_cart->getModules($layout_id, 'pos_banner');
        }
        // end: OCdevWizard Cart
      ]]></add>
    </operation>
    <operation error="skip">
      <search><![CDATA[$modules = $this->model_design_layout->getLayoutModules($layout_id, 'top3_left');]]></search>
      <add position="after"><![CDATA[
        // start: OCdevWizard Cart
        if (isset($ocdw_cart_status) && $ocdw_cart_status) {
          $ocdw_cart_modules = $this->model_extension_ocdevwizard_cart->getModules($layout_id, 'top3_left');
        }
        // end: OCdevWizard Cart
      ]]></add>
    </operation>
    <operation error="skip">
      <search><![CDATA[$modules = $this->model_design_layout->getLayoutModules($layout_id, 'top3_cl');]]></search>
      <add position="after"><![CDATA[
        // start: OCdevWizard Cart
        if (isset($ocdw_cart_status) && $ocdw_cart_status) {
          $ocdw_cart_modules = $this->model_extension_ocdevwizard_cart->getModules($layout_id, 'top3_cl');
        }
        // end: OCdevWizard Cart
      ]]></add>
    </operation>
    <operation error="skip">
      <search><![CDATA[$modules = $this->model_design_layout->getLayoutModules($layout_id, 'top3_cr');]]></search>
      <add position="after"><![CDATA[
        // start: OCdevWizard Cart
        if (isset($ocdw_cart_status) && $ocdw_cart_status) {
          $ocdw_cart_modules = $this->model_extension_ocdevwizard_cart->getModules($layout_id, 'top3_cr');
        }
        // end: OCdevWizard Cart
      ]]></add>
    </operation>
    <operation error="skip">
      <search><![CDATA[$modules = $this->model_design_layout->getLayoutModules($layout_id, 'top3_right');]]></search>
      <add position="after"><![CDATA[
        // start: OCdevWizard Cart
        if (isset($ocdw_cart_status) && $ocdw_cart_status) {
          $ocdw_cart_modules = $this->model_extension_ocdevwizard_cart->getModules($layout_id, 'top3_right');
        }
        // end: OCdevWizard Cart
      ]]></add>
    </operation>
    <operation error="skip">
      <search><![CDATA[foreach ($modules as $module) {]]></search>
      <add position="before"><![CDATA[
        // start: OCdevWizard Cart
        if (isset($ocdw_cart_status) && $ocdw_cart_status) {
          if (isset($ocdw_cart_modules) && $ocdw_cart_modules) {
            $modules = array_merge($modules, $ocdw_cart_modules);

            $sort_order = [];

            foreach ($modules as $key => $value) {
              $sort_order[$key] = $value['sort_order'];
            }

            array_multisort($sort_order, SORT_ASC, $modules);
          }
        }
        // end: OCdevWizard Cart
      ]]></add>
    </operation>
    <operation error="skip">
      <search><![CDATA[if (isset($part[1])) {]]></search>
      <add position="after"><![CDATA[
        // start: OCdevWizard Cart
        if (isset($ocdw_cart_status) && $ocdw_cart_status && ($part[1] && $part[0] == 'ocdw_cart')) {
          $data['modules'.$i][] = $this->load->controller('extension/ocdevwizard/cart/module');
        }
        // end: OCdevWizard Cart
      ]]></add>
    </operation>
  </file>
  <file path="catalog/controller/common/hyper_positions_bottom_content.php">
    <operation error="skip">
      <search><![CDATA[public function index() {]]></search>
      <add position="after"><![CDATA[
        // start: OCdevWizard Cart
        $this->load->model('extension/ocdevwizard/helper');

        $ocdw_cart_form_data = $this->model_extension_ocdevwizard_helper->getSettingData('cart_form_data', (int)$this->config->get('config_store_id'));

        $ocdw_cart_status = 0;

        if (isset($ocdw_cart_form_data['activate']) && $ocdw_cart_form_data['activate']) {
          $ocdw_cart_status = 1;

          $this->load->model('extension/ocdevwizard/cart');
        }
        // end: OCdevWizard Cart
      ]]></add>
    </operation>
    <operation error="skip">
      <search><![CDATA[$modules = $this->model_design_layout->getLayoutModules($layout_id, 'pos_banner2');]]></search>
      <add position="after"><![CDATA[
        // start: OCdevWizard Cart
        if (isset($ocdw_cart_status) && $ocdw_cart_status) {
          $ocdw_cart_modules = $this->model_extension_ocdevwizard_cart->getModules($layout_id, 'pos_banner2');
        }
        // end: OCdevWizard Cart
      ]]></add>
    </operation>
    <operation error="skip">
      <search><![CDATA[$modules = $this->model_design_layout->getLayoutModules($layout_id, 'column2_left');]]></search>
      <add position="after"><![CDATA[
        // start: OCdevWizard Cart
        if (isset($ocdw_cart_status) && $ocdw_cart_status) {
          $ocdw_cart_modules = $this->model_extension_ocdevwizard_cart->getModules($layout_id, 'column2_left');
        }
        // end: OCdevWizard Cart
      ]]></add>
    </operation>
    <operation error="skip">
      <search><![CDATA[$modules = $this->model_design_layout->getLayoutModules($layout_id, 'column2_center');]]></search>
      <add position="after"><![CDATA[
        // start: OCdevWizard Cart
        if (isset($ocdw_cart_status) && $ocdw_cart_status) {
          $ocdw_cart_modules = $this->model_extension_ocdevwizard_cart->getModules($layout_id, 'column2_center');
        }
        // end: OCdevWizard Cart
      ]]></add>
    </operation>
    <operation error="skip">
      <search><![CDATA[$modules = $this->model_design_layout->getLayoutModules($layout_id, 'column2_right');]]></search>
      <add position="after"><![CDATA[
        // start: OCdevWizard Cart
        if (isset($ocdw_cart_status) && $ocdw_cart_status) {
          $ocdw_cart_modules = $this->model_extension_ocdevwizard_cart->getModules($layout_id, 'column2_right');
        }
        // end: OCdevWizard Cart
      ]]></add>
    </operation>
    <operation error="skip">
      <search><![CDATA[$modules = $this->model_design_layout->getLayoutModules($layout_id, 'bottom_left');]]></search>
      <add position="after"><![CDATA[
        // start: OCdevWizard Cart
        if (isset($ocdw_cart_status) && $ocdw_cart_status) {
          $ocdw_cart_modules = $this->model_extension_ocdevwizard_cart->getModules($layout_id, 'bottom_left');
        }
        // end: OCdevWizard Cart
      ]]></add>
    </operation>
    <operation error="skip">
      <search><![CDATA[$modules = $this->model_design_layout->getLayoutModules($layout_id, 'bottom_cl');]]></search>
      <add position="after"><![CDATA[
        // start: OCdevWizard Cart
        if (isset($ocdw_cart_status) && $ocdw_cart_status) {
          $ocdw_cart_modules = $this->model_extension_ocdevwizard_cart->getModules($layout_id, 'bottom_cl');
        }
        // end: OCdevWizard Cart
      ]]></add>
    </operation>
    <operation error="skip">
      <search><![CDATA[$modules = $this->model_design_layout->getLayoutModules($layout_id, 'bottom_cr');]]></search>
      <add position="after"><![CDATA[
        // start: OCdevWizard Cart
        if (isset($ocdw_cart_status) && $ocdw_cart_status) {
          $ocdw_cart_modules = $this->model_extension_ocdevwizard_cart->getModules($layout_id, 'bottom_cr');
        }
        // end: OCdevWizard Cart
      ]]></add>
    </operation>
    <operation error="skip">
      <search><![CDATA[$modules = $this->model_design_layout->getLayoutModules($layout_id, 'bottom_right');]]></search>
      <add position="after"><![CDATA[
        // start: OCdevWizard Cart
        if (isset($ocdw_cart_status) && $ocdw_cart_status) {
          $ocdw_cart_modules = $this->model_extension_ocdevwizard_cart->getModules($layout_id, 'bottom_right');
        }
        // end: OCdevWizard Cart
      ]]></add>
    </operation>
    <operation error="skip">
      <search><![CDATA[$modules = $this->model_design_layout->getLayoutModules($layout_id, 'pos_banner3');]]></search>
      <add position="after"><![CDATA[
        // start: OCdevWizard Cart
        if (isset($ocdw_cart_status) && $ocdw_cart_status) {
          $ocdw_cart_modules = $this->model_extension_ocdevwizard_cart->getModules($layout_id, 'pos_banner3');
        }
        // end: OCdevWizard Cart
      ]]></add>
    </operation>
    <operation error="skip">
      <search><![CDATA[$modules = $this->model_design_layout->getLayoutModules($layout_id, 'bottom1_left');]]></search>
      <add position="after"><![CDATA[
        // start: OCdevWizard Cart
        if (isset($ocdw_cart_status) && $ocdw_cart_status) {
          $ocdw_cart_modules = $this->model_extension_ocdevwizard_cart->getModules($layout_id, 'bottom1_left');
        }
        // end: OCdevWizard Cart
      ]]></add>
    </operation>
    <operation error="skip">
      <search><![CDATA[$modules = $this->model_design_layout->getLayoutModules($layout_id, 'bottom1_center');]]></search>
      <add position="after"><![CDATA[
        // start: OCdevWizard Cart
        if (isset($ocdw_cart_status) && $ocdw_cart_status) {
          $ocdw_cart_modules = $this->model_extension_ocdevwizard_cart->getModules($layout_id, 'bottom1_center');
        }
        // end: OCdevWizard Cart
      ]]></add>
    </operation>
    <operation error="skip">
      <search><![CDATA[$modules = $this->model_design_layout->getLayoutModules($layout_id, 'bottom1_right');]]></search>
      <add position="after"><![CDATA[
        // start: OCdevWizard Cart
        if (isset($ocdw_cart_status) && $ocdw_cart_status) {
          $ocdw_cart_modules = $this->model_extension_ocdevwizard_cart->getModules($layout_id, 'bottom1_right');
        }
        // end: OCdevWizard Cart
      ]]></add>
    </operation>
    <operation error="skip">
      <search><![CDATA[$modules = $this->model_design_layout->getLayoutModules($layout_id, 'bottom2_left');]]></search>
      <add position="after"><![CDATA[
        // start: OCdevWizard Cart
        if (isset($ocdw_cart_status) && $ocdw_cart_status) {
          $ocdw_cart_modules = $this->model_extension_ocdevwizard_cart->getModules($layout_id, 'bottom2_left');
        }
        // end: OCdevWizard Cart
      ]]></add>
    </operation>
    <operation error="skip">
      <search><![CDATA[$modules = $this->model_design_layout->getLayoutModules($layout_id, 'bottom2_cl');]]></search>
      <add position="after"><![CDATA[
        // start: OCdevWizard Cart
        if (isset($ocdw_cart_status) && $ocdw_cart_status) {
          $ocdw_cart_modules = $this->model_extension_ocdevwizard_cart->getModules($layout_id, 'bottom2_cl');
        }
        // end: OCdevWizard Cart
      ]]></add>
    </operation>
    <operation error="skip">
      <search><![CDATA[$modules = $this->model_design_layout->getLayoutModules($layout_id, 'bottom2_cr');]]></search>
      <add position="after"><![CDATA[
        // start: OCdevWizard Cart
        if (isset($ocdw_cart_status) && $ocdw_cart_status) {
          $ocdw_cart_modules = $this->model_extension_ocdevwizard_cart->getModules($layout_id, 'bottom2_cr');
        }
        // end: OCdevWizard Cart
      ]]></add>
    </operation>
    <operation error="skip">
      <search><![CDATA[$modules = $this->model_design_layout->getLayoutModules($layout_id, 'bottom2_right');]]></search>
      <add position="after"><![CDATA[
        // start: OCdevWizard Cart
        if (isset($ocdw_cart_status) && $ocdw_cart_status) {
          $ocdw_cart_modules = $this->model_extension_ocdevwizard_cart->getModules($layout_id, 'bottom2_right');
        }
        // end: OCdevWizard Cart
      ]]></add>
    </operation>
    <operation error="skip">
      <search><![CDATA[$modules = $this->model_design_layout->getLayoutModules($layout_id, 'bottom3_left');]]></search>
      <add position="after"><![CDATA[
        // start: OCdevWizard Cart
        if (isset($ocdw_cart_status) && $ocdw_cart_status) {
          $ocdw_cart_modules = $this->model_extension_ocdevwizard_cart->getModules($layout_id, 'bottom3_left');
        }
        // end: OCdevWizard Cart
      ]]></add>
    </operation>
    <operation error="skip">
      <search><![CDATA[$modules = $this->model_design_layout->getLayoutModules($layout_id, 'bottom3_center');]]></search>
      <add position="after"><![CDATA[
        // start: OCdevWizard Cart
        if (isset($ocdw_cart_status) && $ocdw_cart_status) {
          $ocdw_cart_modules = $this->model_extension_ocdevwizard_cart->getModules($layout_id, 'bottom3_center');
        }
        // end: OCdevWizard Cart
      ]]></add>
    </operation>
    <operation error="skip">
      <search><![CDATA[$modules = $this->model_design_layout->getLayoutModules($layout_id, 'bottom3_right');]]></search>
      <add position="after"><![CDATA[
        // start: OCdevWizard Cart
        if (isset($ocdw_cart_status) && $ocdw_cart_status) {
          $ocdw_cart_modules = $this->model_extension_ocdevwizard_cart->getModules($layout_id, 'bottom3_right');
        }
        // end: OCdevWizard Cart
      ]]></add>
    </operation>
    <operation error="skip">
      <search><![CDATA[$modules = $this->model_design_layout->getLayoutModules($layout_id, 'pos_banner4');]]></search>
      <add position="after"><![CDATA[
        // start: OCdevWizard Cart
        if (isset($ocdw_cart_status) && $ocdw_cart_status) {
          $ocdw_cart_modules = $this->model_extension_ocdevwizard_cart->getModules($layout_id, 'pos_banner4');
        }
        // end: OCdevWizard Cart
      ]]></add>
    </operation>
    <operation error="skip">
      <search><![CDATA[$modules = $this->model_design_layout->getLayoutModules($layout_id, 'bottom4_left');]]></search>
      <add position="after"><![CDATA[
        // start: OCdevWizard Cart
        if (isset($ocdw_cart_status) && $ocdw_cart_status) {
          $ocdw_cart_modules = $this->model_extension_ocdevwizard_cart->getModules($layout_id, 'bottom4_left');
        }
        // end: OCdevWizard Cart
      ]]></add>
    </operation>
    <operation error="skip">
      <search><![CDATA[$modules = $this->model_design_layout->getLayoutModules($layout_id, 'bottom4_center');]]></search>
      <add position="after"><![CDATA[
        // start: OCdevWizard Cart
        if (isset($ocdw_cart_status) && $ocdw_cart_status) {
          $ocdw_cart_modules = $this->model_extension_ocdevwizard_cart->getModules($layout_id, 'bottom4_center');
        }
        // end: OCdevWizard Cart
      ]]></add>
    </operation>
    <operation error="skip">
      <search><![CDATA[$modules = $this->model_design_layout->getLayoutModules($layout_id, 'bottom4_right');]]></search>
      <add position="after"><![CDATA[
        // start: OCdevWizard Cart
        if (isset($ocdw_cart_status) && $ocdw_cart_status) {
          $ocdw_cart_modules = $this->model_extension_ocdevwizard_cart->getModules($layout_id, 'bottom4_right');
        }
        // end: OCdevWizard Cart
      ]]></add>
    </operation>
    <operation error="skip">
      <search><![CDATA[foreach ($modules as $module) {]]></search>
      <add position="before"><![CDATA[
        // start: OCdevWizard Cart
        if (isset($ocdw_cart_status) && $ocdw_cart_status) {
          if (isset($ocdw_cart_modules) && $ocdw_cart_modules) {
            $modules = array_merge($modules, $ocdw_cart_modules);

            $sort_order = [];

            foreach ($modules as $key => $value) {
              $sort_order[$key] = $value['sort_order'];
            }

            array_multisort($sort_order, SORT_ASC, $modules);
          }
        }
        // end: OCdevWizard Cart
      ]]></add>
    </operation>
    <operation error="skip">
      <search><![CDATA[if (isset($part[1])) {]]></search>
      <add position="after"><![CDATA[
        // start: OCdevWizard Cart
        if (isset($ocdw_cart_status) && $ocdw_cart_status && ($part[1] && $part[0] == 'ocdw_cart')) {
          $data['modules'.$i][] = $this->load->controller('extension/ocdevwizard/cart/module');
        }
        // end: OCdevWizard Cart
      ]]></add>
    </operation>
  </file>
  <file path="catalog/controller/common/hyper_positions_footer_top.php">
    <operation error="skip">
      <search><![CDATA[public function index() {]]></search>
      <add position="after"><![CDATA[
        // start: OCdevWizard Cart
        $this->load->model('extension/ocdevwizard/helper');

        $ocdw_cart_form_data = $this->model_extension_ocdevwizard_helper->getSettingData('cart_form_data', (int)$this->config->get('config_store_id'));

        $ocdw_cart_status = 0;

        if (isset($ocdw_cart_form_data['activate']) && $ocdw_cart_form_data['activate']) {
          $ocdw_cart_status = 1;

          $this->load->model('extension/ocdevwizard/cart');
        }
        // end: OCdevWizard Cart
      ]]></add>
    </operation>
    <operation error="skip">
      <search><![CDATA[$modules = $this->model_design_layout->getLayoutModules($layout_id, 'footer_left');]]></search>
      <add position="after"><![CDATA[
        // start: OCdevWizard Cart
        if (isset($ocdw_cart_status) && $ocdw_cart_status) {
          $ocdw_cart_modules = $this->model_extension_ocdevwizard_cart->getModules($layout_id, 'footer_left');
        }
        // end: OCdevWizard Cart
      ]]></add>
    </operation>
    <operation error="skip">
      <search><![CDATA[$modules = $this->model_design_layout->getLayoutModules($layout_id, 'footer_cl');]]></search>
      <add position="after"><![CDATA[
        // start: OCdevWizard Cart
        if (isset($ocdw_cart_status) && $ocdw_cart_status) {
          $ocdw_cart_modules = $this->model_extension_ocdevwizard_cart->getModules($layout_id, 'footer_cl');
        }
        // end: OCdevWizard Cart
      ]]></add>
    </operation>
    <operation error="skip">
      <search><![CDATA[$modules = $this->model_design_layout->getLayoutModules($layout_id, 'footer_cr');]]></search>
      <add position="after"><![CDATA[
        // start: OCdevWizard Cart
        if (isset($ocdw_cart_status) && $ocdw_cart_status) {
          $ocdw_cart_modules = $this->model_extension_ocdevwizard_cart->getModules($layout_id, 'footer_cr');
        }
        // end: OCdevWizard Cart
      ]]></add>
    </operation>
    <operation error="skip">
      <search><![CDATA[$modules = $this->model_design_layout->getLayoutModules($layout_id, 'footer_right');]]></search>
      <add position="after"><![CDATA[
        // start: OCdevWizard Cart
        if (isset($ocdw_cart_status) && $ocdw_cart_status) {
          $ocdw_cart_modules = $this->model_extension_ocdevwizard_cart->getModules($layout_id, 'footer_right');
        }
        // end: OCdevWizard Cart
      ]]></add>
    </operation>
    <operation error="skip">
      <search><![CDATA[$modules = $this->model_design_layout->getLayoutModules($layout_id, 'map_left');]]></search>
      <add position="after"><![CDATA[
        // start: OCdevWizard Cart
        if (isset($ocdw_cart_status) && $ocdw_cart_status) {
          $ocdw_cart_modules = $this->model_extension_ocdevwizard_cart->getModules($layout_id, 'map_left');
        }
        // end: OCdevWizard Cart
      ]]></add>
    </operation>
    <operation error="skip">
      <search><![CDATA[$modules = $this->model_design_layout->getLayoutModules($layout_id, 'map_center');]]></search>
      <add position="after"><![CDATA[
        // start: OCdevWizard Cart
        if (isset($ocdw_cart_status) && $ocdw_cart_status) {
          $ocdw_cart_modules = $this->model_extension_ocdevwizard_cart->getModules($layout_id, 'map_center');
        }
        // end: OCdevWizard Cart
      ]]></add>
    </operation>
    <operation error="skip">
      <search><![CDATA[$modules = $this->model_design_layout->getLayoutModules($layout_id, 'map_right');]]></search>
      <add position="after"><![CDATA[
        // start: OCdevWizard Cart
        if (isset($ocdw_cart_status) && $ocdw_cart_status) {
          $ocdw_cart_modules = $this->model_extension_ocdevwizard_cart->getModules($layout_id, 'map_right');
        }
        // end: OCdevWizard Cart
      ]]></add>
    </operation>
    <operation error="skip">
      <search><![CDATA[$modules = $this->model_design_layout->getLayoutModules($layout_id, 'footer2_left');]]></search>
      <add position="after"><![CDATA[
        // start: OCdevWizard Cart
        if (isset($ocdw_cart_status) && $ocdw_cart_status) {
          $ocdw_cart_modules = $this->model_extension_ocdevwizard_cart->getModules($layout_id, 'footer2_left');
        }
        // end: OCdevWizard Cart
      ]]></add>
    </operation>
    <operation error="skip">
      <search><![CDATA[$modules = $this->model_design_layout->getLayoutModules($layout_id, 'footer2_cl');]]></search>
      <add position="after"><![CDATA[
        // start: OCdevWizard Cart
        if (isset($ocdw_cart_status) && $ocdw_cart_status) {
          $ocdw_cart_modules = $this->model_extension_ocdevwizard_cart->getModules($layout_id, 'footer2_cl');
        }
        // end: OCdevWizard Cart
      ]]></add>
    </operation>
    <operation error="skip">
      <search><![CDATA[$modules = $this->model_design_layout->getLayoutModules($layout_id, 'footer2_cr');]]></search>
      <add position="after"><![CDATA[
        // start: OCdevWizard Cart
        if (isset($ocdw_cart_status) && $ocdw_cart_status) {
          $ocdw_cart_modules = $this->model_extension_ocdevwizard_cart->getModules($layout_id, 'footer2_cr');
        }
        // end: OCdevWizard Cart
      ]]></add>
    </operation>
    <operation error="skip">
      <search><![CDATA[$modules = $this->model_design_layout->getLayoutModules($layout_id, 'footer2_right');]]></search>
      <add position="after"><![CDATA[
        // start: OCdevWizard Cart
        if (isset($ocdw_cart_status) && $ocdw_cart_status) {
          $ocdw_cart_modules = $this->model_extension_ocdevwizard_cart->getModules($layout_id, 'footer2_right');
        }
        // end: OCdevWizard Cart
      ]]></add>
    </operation>
    <operation error="skip">
      <search><![CDATA[$modules = $this->model_design_layout->getLayoutModules($layout_id, 'footer3_left');]]></search>
      <add position="after"><![CDATA[
        // start: OCdevWizard Cart
        if (isset($ocdw_cart_status) && $ocdw_cart_status) {
          $ocdw_cart_modules = $this->model_extension_ocdevwizard_cart->getModules($layout_id, 'footer3_left');
        }
        // end: OCdevWizard Cart
      ]]></add>
    </operation>
    <operation error="skip">
      <search><![CDATA[$modules = $this->model_design_layout->getLayoutModules($layout_id, 'footer3_cent');]]></search>
      <add position="after"><![CDATA[
        // start: OCdevWizard Cart
        if (isset($ocdw_cart_status) && $ocdw_cart_status) {
          $ocdw_cart_modules = $this->model_extension_ocdevwizard_cart->getModules($layout_id, 'footer3_cent');
        }
        // end: OCdevWizard Cart
      ]]></add>
    </operation>
    <operation error="skip">
      <search><![CDATA[$modules = $this->model_design_layout->getLayoutModules($layout_id, 'footer3_right');]]></search>
      <add position="after"><![CDATA[
        // start: OCdevWizard Cart
        if (isset($ocdw_cart_status) && $ocdw_cart_status) {
          $ocdw_cart_modules = $this->model_extension_ocdevwizard_cart->getModules($layout_id, 'footer3_right');
        }
        // end: OCdevWizard Cart
      ]]></add>
    </operation>
    <operation error="skip">
      <search><![CDATA[foreach ($modules as $module) {]]></search>
      <add position="before"><![CDATA[
        // start: OCdevWizard Cart
        if (isset($ocdw_cart_status) && $ocdw_cart_status) {
          if (isset($ocdw_cart_modules) && $ocdw_cart_modules) {
            $modules = array_merge($modules, $ocdw_cart_modules);

            $sort_order = [];

            foreach ($modules as $key => $value) {
              $sort_order[$key] = $value['sort_order'];
            }

            array_multisort($sort_order, SORT_ASC, $modules);
          }
        }
        // end: OCdevWizard Cart
      ]]></add>
    </operation>
    <operation error="skip">
      <search><![CDATA[if (isset($part[1])) {]]></search>
      <add position="after"><![CDATA[
        // start: OCdevWizard Cart
        if (isset($ocdw_cart_status) && $ocdw_cart_status && ($part[1] && $part[0] == 'ocdw_cart')) {
          $data['modules'.$i][] = $this->load->controller('extension/ocdevwizard/cart/module');
        }
        // end: OCdevWizard Cart
      ]]></add>
    </operation>
  </file>
  <file path="catalog/controller/common/hyper_positions_footer_bottom.php">
    <operation error="skip">
      <search><![CDATA[public function index() {]]></search>
      <add position="after"><![CDATA[
        // start: OCdevWizard Cart
        $this->load->model('extension/ocdevwizard/helper');

        $ocdw_cart_form_data = $this->model_extension_ocdevwizard_helper->getSettingData('cart_form_data', (int)$this->config->get('config_store_id'));

        $ocdw_cart_status = 0;

        if (isset($ocdw_cart_form_data['activate']) && $ocdw_cart_form_data['activate']) {
          $ocdw_cart_status = 1;

          $this->load->model('extension/ocdevwizard/cart');
        }
        // end: OCdevWizard Cart
      ]]></add>
    </operation>
    <operation error="skip">
      <search><![CDATA[$modules = $this->model_design_layout->getLayoutModules($layout_id, 'footer4_left');]]></search>
      <add position="after"><![CDATA[
        // start: OCdevWizard Cart
        if (isset($ocdw_cart_status) && $ocdw_cart_status) {
          $ocdw_cart_modules = $this->model_extension_ocdevwizard_cart->getModules($layout_id, 'footer4_left');
        }
        // end: OCdevWizard Cart
      ]]></add>
    </operation>
    <operation error="skip">
      <search><![CDATA[$modules = $this->model_design_layout->getLayoutModules($layout_id, 'footer4_cl');]]></search>
      <add position="after"><![CDATA[
        // start: OCdevWizard Cart
        if (isset($ocdw_cart_status) && $ocdw_cart_status) {
          $ocdw_cart_modules = $this->model_extension_ocdevwizard_cart->getModules($layout_id, 'footer4_cl');
        }
        // end: OCdevWizard Cart
      ]]></add>
    </operation>
    <operation error="skip">
      <search><![CDATA[$modules = $this->model_design_layout->getLayoutModules($layout_id, 'footer4_cr');]]></search>
      <add position="after"><![CDATA[
        // start: OCdevWizard Cart
        if (isset($ocdw_cart_status) && $ocdw_cart_status) {
          $ocdw_cart_modules = $this->model_extension_ocdevwizard_cart->getModules($layout_id, 'footer4_cr');
        }
        // end: OCdevWizard Cart
      ]]></add>
    </operation>
    <operation error="skip">
      <search><![CDATA[$modules = $this->model_design_layout->getLayoutModules($layout_id, 'footer4_right');]]></search>
      <add position="after"><![CDATA[
        // start: OCdevWizard Cart
        if (isset($ocdw_cart_status) && $ocdw_cart_status) {
          $ocdw_cart_modules = $this->model_extension_ocdevwizard_cart->getModules($layout_id, 'footer4_right');
        }
        // end: OCdevWizard Cart
      ]]></add>
    </operation>
    <operation error="skip">
      <search><![CDATA[$modules = $this->model_design_layout->getLayoutModules($layout_id, 'footer5_left');]]></search>
      <add position="after"><![CDATA[
        // start: OCdevWizard Cart
        if (isset($ocdw_cart_status) && $ocdw_cart_status) {
          $ocdw_cart_modules = $this->model_extension_ocdevwizard_cart->getModules($layout_id, 'footer5_left');
        }
        // end: OCdevWizard Cart
      ]]></add>
    </operation>
    <operation error="skip">
      <search><![CDATA[$modules = $this->model_design_layout->getLayoutModules($layout_id, 'footer5_center');]]></search>
      <add position="after"><![CDATA[
        // start: OCdevWizard Cart
        if (isset($ocdw_cart_status) && $ocdw_cart_status) {
          $ocdw_cart_modules = $this->model_extension_ocdevwizard_cart->getModules($layout_id, 'footer5_center');
        }
        // end: OCdevWizard Cart
      ]]></add>
    </operation>
    <operation error="skip">
      <search><![CDATA[$modules = $this->model_design_layout->getLayoutModules($layout_id, 'footer5_left');]]></search>
      <add position="after"><![CDATA[
        // start: OCdevWizard Cart
        if (isset($ocdw_cart_status) && $ocdw_cart_status) {
          $ocdw_cart_modules = $this->model_extension_ocdevwizard_cart->getModules($layout_id, 'footer5_left');
        }
        // end: OCdevWizard Cart
      ]]></add>
    </operation>
    <operation error="skip">
      <search><![CDATA[$modules = $this->model_design_layout->getLayoutModules($layout_id, 'copy_left');]]></search>
      <add position="after"><![CDATA[
        // start: OCdevWizard Cart
        if (isset($ocdw_cart_status) && $ocdw_cart_status) {
          $ocdw_cart_modules = $this->model_extension_ocdevwizard_cart->getModules($layout_id, 'copy_left');
        }
        // end: OCdevWizard Cart
      ]]></add>
    </operation>
    <operation error="skip">
      <search><![CDATA[$modules = $this->model_design_layout->getLayoutModules($layout_id, 'copy_center');]]></search>
      <add position="after"><![CDATA[
        // start: OCdevWizard Cart
        if (isset($ocdw_cart_status) && $ocdw_cart_status) {
          $ocdw_cart_modules = $this->model_extension_ocdevwizard_cart->getModules($layout_id, 'copy_center');
        }
        // end: OCdevWizard Cart
      ]]></add>
    </operation>
    <operation error="skip">
      <search><![CDATA[$modules = $this->model_design_layout->getLayoutModules($layout_id, 'copy_right');]]></search>
      <add position="after"><![CDATA[
        // start: OCdevWizard Cart
        if (isset($ocdw_cart_status) && $ocdw_cart_status) {
          $ocdw_cart_modules = $this->model_extension_ocdevwizard_cart->getModules($layout_id, 'copy_right');
        }
        // end: OCdevWizard Cart
      ]]></add>
    </operation>
    <operation error="skip">
      <search><![CDATA[$modules = $this->model_design_layout->getLayoutModules($layout_id, 'copy2_left');]]></search>
      <add position="after"><![CDATA[
        // start: OCdevWizard Cart
        if (isset($ocdw_cart_status) && $ocdw_cart_status) {
          $ocdw_cart_modules = $this->model_extension_ocdevwizard_cart->getModules($layout_id, 'copy2_left');
        }
        // end: OCdevWizard Cart
      ]]></add>
    </operation>
    <operation error="skip">
      <search><![CDATA[$modules = $this->model_design_layout->getLayoutModules($layout_id, 'copy2_center');]]></search>
      <add position="after"><![CDATA[
        // start: OCdevWizard Cart
        if (isset($ocdw_cart_status) && $ocdw_cart_status) {
          $ocdw_cart_modules = $this->model_extension_ocdevwizard_cart->getModules($layout_id, 'copy2_center');
        }
        // end: OCdevWizard Cart
      ]]></add>
    </operation>
    <operation error="skip">
      <search><![CDATA[$modules = $this->model_design_layout->getLayoutModules($layout_id, 'copy2_right');]]></search>
      <add position="after"><![CDATA[
        // start: OCdevWizard Cart
        if (isset($ocdw_cart_status) && $ocdw_cart_status) {
          $ocdw_cart_modules = $this->model_extension_ocdevwizard_cart->getModules($layout_id, 'copy2_right');
        }
        // end: OCdevWizard Cart
      ]]></add>
    </operation>
    <operation error="skip">
      <search><![CDATA[foreach ($modules as $module) {]]></search>
      <add position="before"><![CDATA[
        // start: OCdevWizard Cart
        if (isset($ocdw_cart_status) && $ocdw_cart_status) {
          if (isset($ocdw_cart_modules) && $ocdw_cart_modules) {
            $modules = array_merge($modules, $ocdw_cart_modules);

            $sort_order = [];

            foreach ($modules as $key => $value) {
              $sort_order[$key] = $value['sort_order'];
            }

            array_multisort($sort_order, SORT_ASC, $modules);
          }
        }
        // end: OCdevWizard Cart
      ]]></add>
    </operation>
    <operation error="skip">
      <search><![CDATA[if (isset($part[1])) {]]></search>
      <add position="after"><![CDATA[
        // start: OCdevWizard Cart
        if (isset($ocdw_cart_status) && $ocdw_cart_status && ($part[1] && $part[0] == 'ocdw_cart')) {
          $data['modules'.$i][] = $this->load->controller('extension/ocdevwizard/cart/module');
        }
        // end: OCdevWizard Cart
      ]]></add>
    </operation>
  </file>
</modification>