{
    "codename": "d_seo_module_adviser",
	"extension_id": "106",
    "version": "3.1.2",
    "name": "SEO Module Adviser",
    "description": "SEO Module Adviser determines SEO rating and displays analysis results of SEO modules for different pages Opencart.",
	"index": "extension/module/d_seo_module_adviser",
   
    "author": {
        "name": "Dreamvention",
        "email": "info@dreamvention.com",
        "url": "https://dreamvention.com"
    },
    "opencart_version": [
        "2.0.0.0",
		"2.0.1.0",
        "2.0.1.1",
        "2.0.2.0",
        "2.0.3.1",
        "2.1.0.1",
        "2.1.0.2",
        "2.2.0.0",
		"2.3.0.0",
		"2.3.0.1",
        "2.3.0.2",
		"3.0.0.0",
        "3.0.1.1",
        "3.0.1.2",
        "3.0.2.0",
        "3.0.3.1"
    ],
    "type": "module",
    "license": {
        "type": "commercial",
        "url": "https://shopunity.net/licenses/commercial"
    },
    "install": {
        "url": "extension/module/install&extension=d_seo_module_adviser" 
    },
	"uninstall": {
        "url": "extension/module/uninstall&extension=d_seo_module_adviser"
    },
    "support": {
        "email": "support@dreamvention.com",
        "url": "https:/dreamvention.com/support"
    },
    "required": {
        "d_opencart_patch": ">= 1.0.11",
		"d_bootstrap_extra": ">= 1.0.1",
		"d_bootstrap_switch": ">= 3.3.5",
		"d_admin_style": ">= 1.0.7",
		"d_seo_module": ">= 3.0.0",
		"d_translit": ">= 3.0.0",
		"d_simple_html_dom": ">= 2.0.0",
		"d_twig_manager": ">= 1.5.7",
		"d_toolbar": ">= 3.0.0"
    },
    "files": [
        "system/library/d_shopunity/extension/d_seo_module_adviser.json",
		"system/config/d_seo_module_adviser.php",
						
		"admin/controller/extension/module/d_seo_module_adviser.php",
		"admin/model/extension/module/d_seo_module_adviser.php",
		"admin/language/en-gb/extension/module/d_seo_module_adviser.php",
						
		"admin/controller/extension/d_seo_module/d_seo_module_adviser.php",
		"admin/language/en-gb/extension/d_seo_module/d_seo_module_adviser.php",
		
		"admin/controller/extension/d_toolbar/d_seo_module_adviser.php",
		"admin/language/en-gb/extension/d_toolbar/d_seo_module_adviser.php",
		
		"catalog/controller/extension/module/d_seo_module_adviser.php",
		"catalog/model/extension/module/d_seo_module_adviser.php",
		
		"catalog/controller/extension/d_seo_module/d_seo_module_adviser.php",
		"catalog/language/en-gb/extension/d_seo_module/d_seo_module_adviser.php",
		
		"catalog/controller/extension/d_toolbar/d_seo_module_adviser.php",
		"catalog/language/en-gb/extension/d_toolbar/d_seo_module_adviser.php",
		"catalog/view/theme/default/template/extension/d_toolbar/d_seo_module_adviser.twig",
		"catalog/view/theme/default/stylesheet/d_toolbar/d_seo_module_adviser.css"
    ],
    "dirs": [
        "admin/view/template/extension/module/d_seo_module_adviser",
		"admin/view/template/extension/d_seo_module/d_seo_module_adviser",
		"admin/view/image/d_seo_module_adviser"
    ],
    "changelog": [
		{
            "version": "3.1.2",
            "change": "Added support oc v 3.0.3.1"
        },
        {
            "version": "3.1.1",
            "change": "Add Full Setup"
        },
		{
            "version": "3.1.0",
            "change": "Twig Validation"
        },
		{
            "version": "3.0.7",
            "change": "Ajax Toolbar compatibility"
        },
		{
            "version": "3.0.6",
            "change": "Bugs fixed"
        },
		{
            "version": "3.0.4",
            "change": "New Design"
        },
		{
            "version": "3.0.3",
            "change": "Opencart 3.0.2 compatibility"
        },
		{
            "version": "3.0.2",
            "change": "Add Dashboard"
        },
		{
            "version": "3.0.0",
            "change": "Opencart 3.0.0 compatibility"
        },
		{
            "version": "2.3.0",
            "change": "Opencart 2.3.0 compatibility"
        },
		{
            "version": "1.0.1",
            "change": "Quick Install SEO Module"
        },
		{
            "version": "1.0.0",
            "change": ""
        }
    ]
}