{
    "codename": "d_seo_module_url",
	"extension_id": "57",
    "version": "3.1.2",
    "name": "SEO Module URL",
    "description": "SEO Module URL makes easy to generate multilingual SEO URLs of different dinamic pages, create multilingual Custom SEO URLs for static pages and redirect from one pages to others.",
	"index": "extension/module/d_seo_module_url",
   
    "author": {
        "name": "Dreamvention",
        "email": "info@dreamvention.com",
        "url": "https://dreamvention.com"
    },
    "opencart_version": [
        "2.0.0.0",
		"2.0.1.0",
        "2.0.1.1",
        "2.0.2.0",
        "2.0.3.1",
        "2.1.0.1",
        "2.1.0.2",
        "2.2.0.0",
		"2.3.0.0",
		"2.3.0.1",
        "2.3.0.2",
		"3.0.0.0",
        "3.0.1.1",
        "3.0.1.2",
        "3.0.2.0",
		"3.0.3.1"
    ],
    "type": "module",
    "license": {
        "type": "commercial",
        "url": "https://shopunity.net/licenses/commercial"
    },
    "install": {
        "url": "extension/module/install&extension=d_seo_module_url" 
    },
	"uninstall": {
        "url": "extension/module/uninstall&extension=d_seo_module_url"
    },
    "support": {
        "email": "support@dreamvention.com",
        "url": "https:/dreamvention.com/support"
    },
    "required": {
        "d_opencart_patch": ">= 1.0.11",
		"d_bootstrap_extra": ">= 1.0.1",
		"d_bootstrap_switch": ">= 3.3.5",
		"d_admin_style": ">= 1.0.7",
		"d_seo_module": ">= 3.0.0",
		"d_cache": ">= 1.0.0",
		"d_translit": ">= 3.1.0",
		"d_excel_reader_writer": ">= 1.0.0",
		"d_simple_html_dom": ">= 2.0.0",
		"d_twig_manager": ">= 1.5.7"
    },
    "files": [
        "system/library/d_shopunity/extension/d_seo_module_url.json",
		"system/config/d_seo_module_url.php",
		"system/config/d_seo_module_url_keyword.php",
		"system/config/d_seo_module_url_redirect.php",
						
		"admin/controller/extension/module/d_seo_module_url.php",
		"admin/model/extension/module/d_seo_module_url.php",
		"admin/language/en-gb/extension/module/d_seo_module_url.php",
				
		"admin/controller/extension/d_seo_module_url/d_seo_module_url.php",
		"admin/model/extension/d_seo_module_url/d_seo_module_url.php",
		"admin/language/en-gb/extension/d_seo_module_url/d_seo_module_url.php",
		
		"admin/controller/extension/dashboard/d_seo_module_url_keyword.php",
		"admin/model/extension/dashboard/d_seo_module_url_keyword.php",
		"admin/language/en-gb/extension/dashboard/d_seo_module_url_keyword.php",
		"admin/view/template/extension/dashboard/d_seo_module_url_keyword.twig",
		"admin/view/template/extension/dashboard/d_seo_module_url_keyword_info.twig",
		"admin/view/template/extension/dashboard/d_seo_module_url_keyword_refresh.twig",
				
		"admin/controller/extension/d_seo_module_url_keyword/d_seo_module_url_keyword.php",
		"admin/model/extension/d_seo_module_url_keyword/d_seo_module_url_keyword.php",
		
		"admin/controller/extension/dashboard/d_seo_module_url_redirect.php",
		"admin/model/extension/dashboard/d_seo_module_url_redirect.php",
		"admin/language/en-gb/extension/dashboard/d_seo_module_url_redirect.php",
		"admin/view/template/extension/dashboard/d_seo_module_url_redirect.twig",
		"admin/view/template/extension/dashboard/d_seo_module_url_redirect_info.twig",
		"admin/view/template/extension/dashboard/d_seo_module_url_redirect_refresh.twig",
				
		"admin/controller/extension/d_seo_module/d_seo_module_url.php",
		"admin/model/extension/d_seo_module/d_seo_module_url.php",
		"admin/language/en-gb/extension/d_seo_module/d_seo_module_url.php",
		
		"admin/controller/extension/d_seo_module_manager/d_seo_module_url.php",
		"admin/model/extension/d_seo_module_manager/d_seo_module_url.php",
		"admin/language/en-gb/extension/d_seo_module_manager/d_seo_module_url.php",
		
		"admin/controller/extension/d_seo_module_adviser/d_seo_module_url.php",
		"admin/model/extension/d_seo_module_adviser/d_seo_module_url.php",
		"admin/language/en-gb/extension/d_seo_module_adviser/d_seo_module_url.php",
		
		"catalog/controller/extension/module/d_seo_module_url.php",
		"catalog/model/extension/module/d_seo_module_url.php",
		"catalog/language/en-gb/extension/d_seo_module/d_seo_module_url.php",
		
		"catalog/controller/extension/d_seo_module_url/d_seo_module_url.php",
						
		"catalog/controller/extension/d_seo_module/d_seo_module_url.php",
		"catalog/model/extension/d_seo_module/d_seo_module_url.php",
		
		"catalog/controller/extension/d_seo_module_adviser/d_seo_module_url.php",
		"catalog/model/extension/d_seo_module_adviser/d_seo_module_url.php",
		"catalog/language/en-gb/extension/d_seo_module_adviser/d_seo_module_url.php"
    ],
    "dirs": [
        "admin/view/template/extension/module/d_seo_module_url",
		"admin/view/template/extension/d_seo_module/d_seo_module_url",
		"admin/view/image/d_seo_module_url"
    ],
    "changelog": [
        {
            "version": "3.1.2",
            "change": "Add Page in Canonical Link"
        },
		{
            "version": "3.1.1",
            "change": "Add Full Setup"
        },
		{
            "version": "3.1.0",
            "change": "Twig Validation"
        },
		{
            "version": "3.0.7",
            "change": "Bugs fixed"
        },
		{
            "version": "3.0.6",
            "change": "New URL Cache"
        },
		{
            "version": "3.0.5",
            "change": "Bugs fixed"
        },
		{
            "version": "3.0.4",
            "change": "New Design"
        },
		{
            "version": "3.0.3",
            "change": "Opencart 3.0.2 compatibility"
        },
		{
            "version": "3.0.2",
            "change": "Add Dashboard and Excel Reader Writer"
        },
		{
            "version": "3.0.0",
            "change": "Opencart 3.0.0 compatibility"
        },
		{
            "version": "2.3.0",
            "change": "Opencart 2.3.0 compatibility"
        },
		{
            "version": "1.0.4",
            "change": "Quick Install SEO Module"
        },
		{
            "version": "1.0.3",
            "change": "Bugs fixed. Simple HTML Dom validation"
        },
		{
            "version": "1.0.0",
            "change": ""
        }
    ]
}