{
    "codename": "d_seo_module_meta",
	"extension_id": "56",
    "version": "3.1.2",
    "name": "SEO Module Meta",
    "description": "SEO Module Meta extends the capabilities of Opencart to work with meta data, makes easy to generate meta data for different pages and hide them from index.",
	"index": "extension/module/d_seo_module_meta",
   
    "author": {
        "name": "Dreamvention",
        "email": "info@dreamvention.com",
        "url": "https://dreamvention.com"
    },
    "opencart_version": [
        "2.0.0.0",
		"2.0.1.0",
        "2.0.1.1",
        "2.0.2.0",
        "2.0.3.1",
        "2.1.0.1",
        "2.1.0.2",
        "2.2.0.0",
		"2.3.0.0",
		"2.3.0.1",
        "2.3.0.2",
		"3.0.0.0",
        "3.0.1.1",
        "3.0.1.2",
        "3.0.2.0",
		"3.0.3.1"
    ],
    "type": "module",
    "license": {
        "type": "commercial",
        "url": "https://shopunity.net/licenses/commercial"
    },
    "install": {
        "url": "extension/module/install&extension=d_seo_module_meta" 
    },
	"uninstall": {
        "url": "extension/module/uninstall&extension=d_seo_module_meta"
    },
    "support": {
        "email": "support@dreamvention.com",
        "url": "https:/dreamvention.com/support"
    },
    "required": {
        "d_opencart_patch": ">= 1.0.11",
		"d_bootstrap_extra": ">= 1.0.1",
		"d_bootstrap_switch": ">= 3.3.5",
		"d_admin_style": ">= 1.0.7",
		"d_seo_module": ">= 3.0.0",
		"d_translit": ">= 3.1.0",
		"d_simple_html_dom": ">= 2.0.0",
		"d_twig_manager": ">= 1.5.7"
    },
    "files": [
        "system/library/d_shopunity/extension/d_seo_module_meta.json",
		"system/library/d_shopunity/install/d_seo_module_meta.xml",
		"system/config/d_seo_module_meta.php",
		"system/config/d_seo_module_meta_title.php",
						
		"admin/controller/extension/module/d_seo_module_meta.php",
		"admin/model/extension/module/d_seo_module_meta.php",
		"admin/language/en-gb/extension/module/d_seo_module_meta.php",
			
		"admin/controller/extension/d_seo_module_meta/d_seo_module_meta.php",
		"admin/model/extension/d_seo_module_meta/d_seo_module_meta.php",
		"admin/language/en-gb/extension/d_seo_module_meta/d_seo_module_meta.php",
		
		"admin/controller/extension/dashboard/d_seo_module_meta_title.php",
		"admin/model/extension/dashboard/d_seo_module_meta_title.php",
		"admin/language/en-gb/extension/dashboard/d_seo_module_meta_title.php",
		"admin/view/template/extension/dashboard/d_seo_module_meta_title.twig",
		"admin/view/template/extension/dashboard/d_seo_module_meta_title_info.twig",
		"admin/view/template/extension/dashboard/d_seo_module_meta_title_refresh.twig",
				
		"admin/controller/extension/d_seo_module_meta_title/d_seo_module_meta_title.php",
		"admin/model/extension/d_seo_module_meta_title/d_seo_module_meta_title.php",
		
		"admin/controller/extension/d_seo_module/d_seo_module_meta.php",
		"admin/model/extension/d_seo_module/d_seo_module_meta.php",
		"admin/language/en-gb/extension/d_seo_module/d_seo_module_meta.php",
		
		"admin/controller/extension/d_seo_module_manager/d_seo_module_meta.php",
		"admin/model/extension/d_seo_module_manager/d_seo_module_meta.php",
		"admin/language/en-gb/extension/d_seo_module_manager/d_seo_module_meta.php",
		
		"admin/controller/extension/d_seo_module_adviser/d_seo_module_meta.php",
		"admin/model/extension/d_seo_module_adviser/d_seo_module_meta.php",
		"admin/language/en-gb/extension/d_seo_module_adviser/d_seo_module_meta.php",
		
		"catalog/controller/extension/module/d_seo_module_meta.php",
		"catalog/model/extension/module/d_seo_module_meta.php",
		"catalog/language/en-gb/extension/d_seo_module/d_seo_module_meta.php",
		
		"catalog/controller/extension/d_seo_module_meta/d_seo_module_meta.php",
				
		"catalog/controller/extension/d_seo_module/d_seo_module_meta.php",
		"catalog/model/extension/d_seo_module/d_seo_module_meta.php",
		
		"catalog/controller/extension/d_seo_module_adviser/d_seo_module_meta.php",
		"catalog/model/extension/d_seo_module_adviser/d_seo_module_meta.php",
		"catalog/language/en-gb/extension/d_seo_module_adviser/d_seo_module_meta.php"
    ],
    "dirs": [
        "admin/view/template/extension/module/d_seo_module_meta",
		"admin/view/template/extension/d_seo_module/d_seo_module_meta",
		"admin/view/image/d_seo_module_meta"
    ],
    "changelog": [
		{
            "version": "3.1.2",
            "change": "Add Page in Meta Title and Meta Description"
        },
		{
            "version": "3.1.1",
            "change": "Add Full Setup"
        },
		{
            "version": "3.1.0",
            "change": "Twig Validation"
        },
		{
            "version": "3.0.7",
            "change": "Bugs fixed"
        },
		{
            "version": "3.0.4",
            "change": "New Design"
        },
		{
            "version": "3.0.3",
            "change": "Opencart 3.0.2 compatibility"
        },
		{
            "version": "3.0.2",
            "change": "Add Dashboard"
        },
		{
            "version": "3.0.0",
            "change": "Opencart 3.0.0 compatibility"
        },
		{
            "version": "2.3.0",
            "change": "Opencart 2.3.0 compatibility"
        },
		{
            "version": "1.0.3",
            "change": "Quick Install SEO Module"
        },
		{
            "version": "1.0.2",
            "change": "Simple HTML Dom validation"
        },
		{
            "version": "1.0.1",
            "change": "bugs fixed"
        },
		{
            "version": "1.0.0",
            "change": ""
        }
    ]
}