{
    "codename": "d_seo_module_manager",
	"extension_id": "55",
    "version": "3.1.1",
    "name": "SEO Module Manager",
    "description": "SEO Module Manager makes easy to edit meta data and other important SEO parameters for different pages Opencart.",
	"index": "extension/module/d_seo_module_manager",
   
    "author": {
        "name": "Dreamvention",
        "email": "info@dreamvention.com",
        "url": "https://dreamvention.com"
    },
    "opencart_version": [
        "2.0.0.0",
		"2.0.1.0",
        "2.0.1.1",
        "2.0.2.0",
        "2.0.3.1",
        "2.1.0.1",
        "2.1.0.2",
        "2.2.0.0",
		"2.3.0.0",
		"2.3.0.1",
        "2.3.0.2",
		"3.0.0.0",
        "3.0.1.1",
        "3.0.1.2",
        "3.0.2.0"
    ],
    "type": "module",
    "license": {
        "type": "commercial",
        "url": "https://shopunity.net/licenses/commercial"
    },
    "install": {
        "url": "extension/module/install&extension=d_seo_module_manager"
    },
	"uninstall": {
        "url": "extension/module/uninstall&extension=d_seo_module_manager"
    },
    "support": {
        "email": "support@dreamvention.com",
        "url": "https:/dreamvention.com/support"
    },
    "required": {
        "d_opencart_patch": ">= 1.0.11",
		"d_bootstrap_extra": ">= 1.0.1",
		"d_bootstrap_switch": ">= 3.3.5",
		"d_admin_style": ">= 1.0.7",
		"d_seo_module": ">= 3.0.0",
		"d_excel_reader_writer": ">= 1.0.0",
		"d_twig_manager": ">= 1.5.7"
    },
    "files": [
        "system/library/d_shopunity/extension/d_seo_module_manager.json",
		"system/config/d_seo_module_manager.php",
						
		"admin/controller/extension/module/d_seo_module_manager.php",
		"admin/model/extension/module/d_seo_module_manager.php",
		"admin/language/en-gb/extension/module/d_seo_module_manager.php",
				
		"admin/controller/extension/d_seo_module/d_seo_module_manager.php",
		"admin/language/en-gb/extension/d_seo_module/d_seo_module_manager.php",
		
		"admin/controller/extension/d_seo_module_manager/d_seo_module_manager.php",
		"admin/model/extension/d_seo_module_manager/d_seo_module_manager.php",
		"admin/language/en-gb/extension/d_seo_module_manager/d_seo_module_manager.php"
    ],
    "dirs": [
        "admin/view/template/extension/module/d_seo_module_manager",
		"admin/view/image/d_seo_module_manager"
    ],
    "changelog": [
        {
            "version": "3.1.1",
            "change": "Add Full Setup"
        },
		{
            "version": "3.1.0",
            "change": "Twig Validation"
        },
		{
            "version": "3.0.7",
            "change": "Bugs fixed"
        },
		{
            "version": "3.0.4",
            "change": "New Design"
        },
		{
            "version": "3.0.3",
            "change": "Opencart 3.0.2 compatibility"
        },
		{
            "version": "3.0.2",
            "change": "Add Dashboard and Excel Reader Writer"
        },
		{
            "version": "3.0.0",
            "change": "Opencart 3.0.0 compatibility"
        },
		{
            "version": "2.3.0",
            "change": "Opencart 2.3.0 compatibility"
        },
		{
            "version": "1.0.3",
            "change": "Quick Install SEO Module"
        },
		{
            "version": "1.0.2",
            "change": "bug fixed"
        },
		{
            "version": "1.0.0",
            "change": ""
        }
    ]
}