<modification>
    <id>d_compatibilty_fix_230</id>
    <version>1.0.0</version>
    <vqmver>2.1.1</vqmver>
    <author>Dreamvention.com</author>
    <file name="system/library/d_event_manager/*.php">
        <operation error="skip" info="For non OCMod includes/requires">
            <search position="replace" regex="true"><![CDATA[~(require|include)(_once)?\((?!VQMod::modCheck\()(?!modification\()([^)]+)~]]></search>
            <add><![CDATA[$1$2(\\VQMod::modCheck($3)]]></add>
        </operation>
        <operation error="skip" info="For OCMod includes/requires - OPERATION MUST BE AFTER NON OCMOD INCLUDES/REQUIRES OPERATION">
            <search position="replace" regex="true"><![CDATA[~(require|include)(_once)?\((?!VQMod::modCheck\()modification\(([^)]+)~]]></search>
            <add><![CDATA[$1$2(\\VQMod::modCheck(modification($3), $3]]></add>
        </operation>
    </file>
</modification>