<modification>
	<name>Serial Keys Sale Module</name>
	<version>7.2.3-titancards</version>
	<code>serial_keys_sales_module</code>
	<author>Foridev - support@foridev.com</author>
	<link>https://www.foridev.com</link>
	<!-- ADMIN MODS -->
	<!-- SETTINGS EDIT -->
	<file path="admin/view/template/setting/setting.twig">
		<operation error="log">
			<search><![CDATA[
			<textarea name="config_mail_alert_email" rows="5" placeholder="{{ entry_mail_alert_email }}" id="input-alert-email" class="form-control">{{ config_mail_alert_email }}</textarea>
			]]></search>
			<add position="after" offset="3"><![CDATA[
			<fieldset>
			<div class="form-group">
                <label class="col-sm-2 control-label" for="input-stock_notify"><span data-toggle="tooltip" title="{{ entry_stock_notify }}">{{ entry_stock_notify }}</span></label>
                <div class="col-sm-10">
                  <input type="text" name="config_stock_notify" value="{{ config_stock_notify }}" placeholder="{{ config_stock_notify }}" size="3" id="config_stock_notify" class="form-control"/>
                </div>
              </div>
              </fieldset>
			]]></add>
		</operation>
	</file>
	<file path="admin/controller/setting/setting.php">
		<operation error="log">
			<search ><![CDATA[
if (isset($this->request->post['config_mail_alert_email'])) {
			]]></search>
			<add position="before"><![CDATA[
		if (isset($this->request->post['config_stock_notify'])) {
			$data['config_stock_notify'] = $this->request->post['config_stock_notify'];
		} else {
			$data['config_stock_notify'] = $this->config->get('config_stock_notify');
		}
			]]></add>
		</operation>
	</file>
	<file path="admin/language/*/setting/setting.php">
		<operation error="log">
			<search ><![CDATA[
			$_['entry_affiliate']
			]]></search>
			<add position="before"><![CDATA[
			/* RESTRICT SHOPPING */
$_['entry_stock_notify']           = 'Notify admin by email when lack of serial keys';
/* END RESTRICT SHOPPING */
			]]></add>
		</operation>
	</file>
	<!-- SETTINGS EDIT END -->
	<!-- PRODUCT EDIT -->
	<file path="admin/model/catalog/product.php">
		<operation error="skip">
			<search><![CDATA[
			public function addProduct($data) {
			]]></search>
			<add position="after"><![CDATA[
			$is_checked = (isset($data['saleserials']) ? 'Y' : 'N');
$is_checkedlink = (isset($data['saledownloadlinks']) ? 'Y' : 'N');
]]></add>
		</operation>
		<operation error="skip">
			<search><![CDATA[
			$product_id = $this->db->getLastId();
			]]></search>
			<add position="after"><![CDATA[
                $this->db->query("UPDATE " . DB_PREFIX . "product SET saleserials = '" . $this->db->escape($is_checked) . "', saledownloadlinks = '" . $this->db->escape($is_checkedlink) . "', templates_products='" . (int)$data['templates_products'] . "'  WHERE product_id = '" . (int)$product_id . "'");
				]]></add>
		</operation>
		<operation error="skip">
			<search index="1"><![CDATA[
			if (isset($data['image'])) {
			]]></search>
			<add position="before"><![CDATA[
                $this->db->query("UPDATE " . DB_PREFIX . "product SET saleserials = '" . $this->db->escape($data['saleserials']) . "', saledownloadlinks = '" . $this->db->escape($data['saledownloadlinks']) . "', templates_products='" . (int)$data['templates_products'] . "'  WHERE product_id = '" . (int)$product_id . "'");
				]]></add>
		</operation>
		<operation error="log">
			<search index="0"><![CDATA[
foreach ($product_attribute['product_attribute_description'] as $language_id => $product_attribute_description) {
]]></search>
			<add  position="after"><![CDATA[
$product_attribute_description['text'] = html_entity_decode($product_attribute_description['text'], ENT_QUOTES, 'UTF-8');
]]></add>
		</operation>
		<operation error="log">
			<search index="1"><![CDATA[
foreach ($product_attribute['product_attribute_description'] as $language_id => $product_attribute_description) {
]]></search>
			<add position="after" ><![CDATA[
$product_attribute_description['text'] = html_entity_decode($product_attribute_description['text'], ENT_QUOTES, 'UTF-8');
]]></add>
		</operation>
		<operation error="log">
			<search index="0"><![CDATA[
if (isset($data['product_category'])) {
]]></search>
			<add position="before"><![CDATA[

		if (isset($data['serialkey'])) {
			$data['serialkey'] = explode("\n",$data['serialkey']);
			foreach ($data['serialkey'] as $serialkey) {
				$this->db->query("INSERT INTO " . DB_PREFIX . "serialkeys SET product_id = '" . (int)$product_id . "', serialkey = '" . str_replace("\r",'',$serialkey) . "'");
			}
			if ($is_checked=='Y') {

				$this->db->query("UPDATE " . DB_PREFIX . "product SET quantity = '" . count($data['serialkey']) . "' WHERE product_id = '" . (int)$product_id . "'");
			}
		}

		if (isset($data['downloadlink']) && $data['saledownloadlinks'] == "Y") {
            foreach ($data['downloadlink'] as $language_id => $downloadlink) {
                $this->db->query("INSERT INTO " . DB_PREFIX . "downloadlinks SET product_id = '" . (int)$product_id . "', language_id='" . (int)$language_id . "', downloadlink = '" . $this->db->escape($downloadlink) . "'");
            }
        }
]]></add>
		</operation>
		<operation error="skip">
			<search><![CDATA[
	public function editProduct($product_id, $data) {
]]></search>
			<add position="after"><![CDATA[
$data['saleserials'] = isset($data['saleserials']) ? $data['saleserials'] : 'N';
$data['saledownloadlinks'] = isset($data['saledownloadlinks']) ? $data['saledownloadlinks'] : 'N';]]></add>
		</operation>
		<operation error="skip">
			<search><![CDATA[
        if ($this->config->get('mlseo_editautoimgname') && !defined('GKD_UNIV_IMPORT')) {
    ]]></search>
			<add position="before" offset="1"><![CDATA[
        $this->db->query("UPDATE " . DB_PREFIX . "product SET saleserials = '" . $data['saleserials'] . "', saledownloadlinks = '" . $data['saledownloadlinks'] . "', templates_products='" . (int)$data['templates_products'] . "' WHERE product_id = '" . (int)$product_id . "'");
        ]]></add>
		</operation>
		<operation error="log">
			<search index="0"><![CDATA[
    $this->db->query("DELETE FROM " . DB_PREFIX . "product_to_category WHERE product_id = '" . (int)$product_id . "'");
    ]]></search>
			<add position="before"><![CDATA[

            $this->db->query("DELETE FROM " . DB_PREFIX . "serialkeys WHERE product_id = '" . (int)$product_id . "'");

            if (isset($data['serialkey'])) {
                $data['serialkey'] = explode("\n",$data['serialkey']);
                foreach ($data['serialkey'] as $serialkey) {
                    $this->db->query("INSERT INTO " . DB_PREFIX . "serialkeys SET product_id = '" . (int)$product_id . "', serialkey = '" . str_replace("\r",'',$serialkey) . "'");
                }
                if ($data['saleserials']=='Y') {

                    $this->db->query("UPDATE " . DB_PREFIX . "product SET quantity = '" . count($data['serialkey']) . "' WHERE product_id = '" . (int)$product_id . "'");
                }

            }

            $this->db->query("DELETE FROM " . DB_PREFIX . "downloadlinks WHERE product_id = '" . (int)$product_id . "'");

            if (isset($data['downloadlink']) && $data['saledownloadlinks'] == "Y") {
                foreach ($data['downloadlink'] as $language_id => $downloadlink) {
                    $this->db->query("INSERT INTO " . DB_PREFIX . "downloadlinks SET product_id = '" . (int)$product_id . "', language_id='" . (int)$language_id . "', downloadlink = '" . $this->db->escape($downloadlink) . "'");
                }
            }
    ]]></add>
		</operation>

		<operation error="log">
			<search><![CDATA[
    $data['product_recurrings'] = $this->getRecurrings($product_id);
    ]]></search>
			<add position="after"><![CDATA[
    $data['product_saleserials'] = $this->getSerialkeys($product_id);
    $data['product_saledownloadlinks'] = $this->getDownloadlinks($product_id);
    ]]></add>
		</operation>

		<operation error="log">
			<search index="1"><![CDATA[
    $this->db->query("DELETE FROM " . DB_PREFIX . "product_to_download WHERE product_id = '" . (int)$product_id . "'");
    ]]></search>
			<add position="after"><![CDATA[
    $this->db->query("DELETE FROM " . DB_PREFIX . "serialkeys WHERE product_id = '" . (int)$product_id . "'");
            $this->db->query("DELETE FROM " . DB_PREFIX . "downloadlinks WHERE product_id = '" . (int)$product_id . "'");
    ]]></add>
		</operation>

		<operation error="log">
			<search><![CDATA[
    public function getProductStores($product_id) {
    ]]></search>
			<add position="before"><![CDATA[
    public function getSerialkeys($product_id) {
            $serialkey_data = array();

            $query = $this->db->query("SELECT * FROM " . DB_PREFIX . "serialkeys WHERE product_id = '" . (int)$product_id . "'");

            foreach ($query->rows as $result) {
                $serialkey_data[] = $result['serial_id'];
            }
            return $serialkey_data;
        }

        public function getDownloadlinks($product_id) {
            $downloadlink_data = array();

            $query = $this->db->query("SELECT * FROM " . DB_PREFIX . "product_to_downloadlink WHERE product_id = '" . (int)$product_id . "'");

            foreach ($query->rows as $result) {
                $downloadlink_data[] = $result['downloadlink_id'];
            }

            return $downloadlink_data;
        }

        public function getProductSerialkeys($product_id) {
            $serialkeys_data = array();

            $query = $this->db->query("SELECT * FROM " . DB_PREFIX . "serialkeys WHERE product_id = '" . (int)$product_id . "' ORDER BY serial_id");

            foreach ($query->rows as $result) {
                $serialkeys_data[] = $result['serialkey'];
            }

            return $serialkeys_data;
        }

        public function getProductDownloadlinks($product_id) {
            $downloadlinks_data = array();

            $query = $this->db->query("SELECT * FROM " . DB_PREFIX . "downloadlinks WHERE product_id = '" . (int)$product_id . "' ORDER BY downloadlink_id");

            foreach ($query->rows as $result) {
                $downloadlinks_data[$result['language_id']] = $result['downloadlink'];
            }

            return $downloadlinks_data;
        }
    ]]></add>
		</operation>

		<operation error="log">
			<search><![CDATA[
    public function getTotalProductsByManufacturerId($manufacturer_id) {
    ]]></search>
			<add position="before"><![CDATA[
    public function getTotalProductsBySerialId($serial_id) {
            $query = $this->db->query("SELECT COUNT(*) AS total FROM " . DB_PREFIX . "serialkeys WHERE serial_id = '" . (int)$serial_id . "'");

            return $query->row['total'];
        }

        public function getTotalProductsByDownloadlinkId($downloadlink_id) {
            $query = $this->db->query("SELECT COUNT(*) AS total FROM " . DB_PREFIX . "downloadlinks WHERE downloadlink_id = '" . (int)$downloadlink_id . "'");

            return $query->row['total'];
        }
    ]]></add>
		</operation>
	</file>
	<file path="admin/language/*/catalog/product.php">
		<operation error="log">
			<search><![CDATA[
			$_['entry_meta_description']
			]]></search>
			<add position="before"><![CDATA[
			$_['entry_serialkey'] 	 = 'Serial Keys:';
$_['entry_sell_serialkeyword'] 	 = 'Would you like to sell serial keys?';
$_['entry_downloadlink']     = 'Download links:';
$_['text_serial_edit']     = 'Serial Key Editor';
$_['products_templates_editor']     = 'Products Templates Editor';
$_['add_template']     = 'Add Template';
$_['text_success_pt']     = 'Success! Templates products was modified';
$_['text_error_pt']       = 'Error!';
$_['choose_templates_products']       = 'Choose templates products';
$_['error_choose_templates_products']       = 'Please choose templates products';
			]]></add>
		</operation>
	</file>
	<file path="admin/view/template/catalog/product_list.twig">
		<operation>
			<search><![CDATA[
<td class="text-right"><a href="{{ product.edit }}" data-toggle="tooltip" title="{{ button_edit }}" class="btn btn-primary"><i class="fa fa-pencil"></i></a></td>
			]]></search>
			<add position="replace"><![CDATA[
<td class="text-right">
{% if product.serialkey == "Y" %}
<button type="button" onclick="show_sk({{ product.product_id }});" data-toggle="tooltip" title="{{ button_edit }}" class="btn btn-danger"><i class="fa fa-key"></i></button>
{% endif %}
<a href="{{ product.edit }}" data-toggle="tooltip" title="{{ button_edit }}" class="btn btn-primary"><i class="fa fa-pencil"></i></a>
</td>
			]]></add>
		</operation>
		<operation>
			<search><![CDATA[
$('#button-filter').on('click', function() {
			]]></search>
			<add position="before"><![CDATA[
function show_sk(product_id) {
    $.ajax({
    	url:"index.php?route=catalog/product/serialsInList&product_id=" + product_id + "&user_token=" + "{{ user_token }}",
    	success: function(data) {
    		$('#content>#sk_window' + product_id).remove();
    		$('#content').prepend(data);
    		$('#content>#sk_window' + product_id).modal('show');
    	}
    });
}
 			]]></add>
		</operation>
	</file>
	<file path="admin/controller/catalog/product.php">
		<operation>
			<search ><![CDATA[
if (isset($this->error['keyword'])) {
			]]></search>
			<add position="before"><![CDATA[
if (isset($this->error['templates_products'])) {
	$data['error_templates_products'] = $this->error['templates_products'];
} else {
	$data['error_templates_products'] = '';
}
			]]></add>
		</operation>
		<operation>
			<search><![CDATA[
protected function validateForm() {
			]]></search>
			<add position="before"><![CDATA[
public function serialsInList() {

	if (isset($this->request->get['product_id'])) {
		$this->load->language('catalog/product');

		$this->load->model('catalog/product');
		$this->load->model('tool/image');

		$data['button_save'] = $this->language->get('button_save');
		$data['button_cancel'] = $this->language->get('button_cancel');
		$data['text_serial_edit'] = $this->language->get('text_serial_edit');

		$product_info = $this->model_catalog_product->getProduct($this->request->get['product_id']);
		$data['product_description'] = $this->model_catalog_product->getProductDescriptions($this->request->get['product_id']);
		$data['serialkey'] = implode("\n",$this->model_catalog_product->getProductSerialkeys($this->request->get['product_id']));
		$data['product_id'] = $this->request->get['product_id'];

		$data['model'] = $product_info['model'];

		if (!empty($product_info) && is_file(DIR_IMAGE . $product_info['image'])) {
			$data['thumb'] = $this->model_tool_image->resize($product_info['image'], 100, 100);
		} else {
			$data['thumb'] = $this->model_tool_image->resize('no_image.png', 100, 100);
		}

		$data['placeholder'] = $this->model_tool_image->resize('no_image.png', 100, 100);

		$data['user_token'] = $this->session->data['user_token'];

		$this->response->setOutput($this->load->view('extension/catalog/product_serials', $data));
	}
}

public function serialsInListSave() {

   if(isset($this->request->post)) {
        if (isset($this->request->post['serialkey']) && isset($this->request->post['product_id'])) {
			$data['serialkey'] = $this->request->post['serialkey'];
			$product_id = $this->request->post['product_id'];

			$this->db->query("DELETE FROM " . DB_PREFIX . "serialkeys WHERE product_id = '" . (int)$product_id . "'");

			if (isset($data['serialkey'])) {

				$testserials =  preg_replace('/[^0-9a-zA-Z]*/', '', $data['serialkey']);

		  		if( $testserials != "") {
		  			$serialkeytodb = array();
					$data['serialkey'] = explode("\n",$data['serialkey']);

					foreach ($data['serialkey'] as $serialkey) {
			   			$serialkey1 = preg_replace('/[^0-9a-zA-Z]*/', '', $serialkey);
			    		if ($serialkey1 != "") {
							$this->db->query("INSERT INTO " . DB_PREFIX . "serialkeys SET product_id = '" . (int)$product_id . "', serialkey = '" . str_replace("\r",'',$serialkey) . "'");
							$serialkeytodb[] = $serialkey;
						}
					}

					$this->db->query("UPDATE " . DB_PREFIX . "product SET quantity = '" . count($serialkeytodb) . "' WHERE product_id = '" . (int)$product_id . "'");
          		}
			}
		}
   }
}

public function products_templates() {

	$this->load->language('catalog/product');

	$data['heading_title'] = $this->language->get('products_templates_editor');
	$data['button_save'] = $this->language->get('button_save');
	$data['button_cancel'] = $this->language->get('button_cancel');
	$data['button_delete'] = $this->language->get('button_delete');
	$data['text_confirm'] = $this->language->get('text_confirm');
	$data['add_template'] = $this->language->get('add_template');

	$data['cancel'] = $this->url->link('common/dashboard', 'user_token=' . $this->session->data['user_token'], 'SSL');
	$data['action'] = $this->url->link('catalog/product/products_templates', 'user_token=' . $this->session->data['user_token'], 'SSL');

    $url = '';

    $data['breadcrumbs'] = array();

	$data['breadcrumbs'][] = array(
		'text' => $this->language->get('text_home'),
		'href' => $this->url->link('common/dashboard', 'user_token=' . $this->session->data['user_token'], 'SSL')
	);

	$data['breadcrumbs'][] = array(
		'text' => $this->language->get('products_templates_editor'),
		'href' => $this->url->link('catalog/product/products_templates', 'user_token=' . $this->session->data['user_token'] . $url, 'SSL')
	);

	$data['user_token'] = $this->session->data['user_token'];

	$this->load->model('localisation/language');

	$data['languages'] = $this->model_localisation_language->getLanguages();

	if (isset($this->request->post['products_templates_name']) && !isset($this->request->post['delete'])) {

		if($this->request->post['products_templates_id'] == 0) {
 			$this->db->query("INSERT INTO " . DB_PREFIX . "products_templates SET name='" . $this->db->escape($this->request->post['products_templates_name']) . "'");
	   		$id = $this->db->getLastId();
	   		$data['success'] = $this->language->get('text_success_pt');
		} else {
	   		$this->db->query("UPDATE " . DB_PREFIX . "products_templates SET name='" . $this->db->escape($this->request->post['products_templates_name']) . "' WHERE id='" . (int)$this->request->post['products_templates_id'] . "'");
	    	$data['success'] = $this->language->get('text_success_pt');
		}

		foreach($data['languages'] as $language) {
			if($this->request->post['products_templates_id'] == 0) {
               	$this->db->query("INSERT INTO " . DB_PREFIX . "products_templates_description SET id='" .(int)$id . "', language_id='" . (int)$language['language_id'] . "', description='" . $this->db->escape($this->request->post['products_templates_description'][$language['language_id']]['description']) . "'");
	    	} else {
	        	$this->db->query("UPDATE " . DB_PREFIX . "products_templates_description SET description='" . $this->db->escape($this->request->post['products_templates_description'][$language['language_id']]['description']) . "' WHERE id='" . (int)$this->request->post['products_templates_id'] . "' AND language_id='" .(int)$language['language_id'] . "'");
	    	}
		}

	} elseif (isset($this->request->post['products_templates_name']) && isset($this->request->post['delete']) && $this->request->post['products_templates_id'] != 0) {

    	$this->db->query("DELETE FROM " . DB_PREFIX . "products_templates WHERE id='" . (int)$this->request->post['products_templates_id'] . "'");
    	$this->db->query("DELETE FROM " . DB_PREFIX . "products_templates_description WHERE id='" . (int)$this->request->post['products_templates_id'] . "'");
    	$data['success'] = $this->language->get('text_success_pt');
	} elseif(isset($this->request->post['delete']) && !isset($this->request->post['products_templates_name'])) {
    	$data['error'] = $this->language->get('text_error_pt');
	} elseif(isset($this->request->post['delete']) && $this->request->post['products_templates_id'] != 0) {
    	$data['error'] = $this->language->get('text_error_pt');
	}

   	$data['templates'] = array();
	$query = $this->db->query("SELECT * FROM " . DB_PREFIX . "products_templates");

	if($query->num_rows) {

    	foreach($query->rows as $products_templates) {
        	$query2 = $this->db->query("SELECT * FROM " . DB_PREFIX . "products_templates_description WHERE id='" . (int)$products_templates['id'] . "'");

       		$descriptions = array();
    		if($query2->num_rows) { //$descriptions = $query2->rows;
    			foreach ($query2->rows as $row) {
    				$descriptions[] = array(
    					'id' => $row['id'],
    					'language_id' => $row['language_id'],
    					'description' => html_entity_decode($row['description']),
    				);
    			}
    		}

			$data['templates'][] = array(
        		'id'           => $products_templates['id'],
        		'name'         => $products_templates['name'],
        		'descriptions' => $descriptions
    		);
    	}
	}

    $data['header'] = $this->load->controller('common/header');
	$data['column_left'] = $this->load->controller('common/column_left');
	$data['footer'] = $this->load->controller('common/footer');

	$this->response->setOutput($this->load->view('extension/catalog/products_templates', $data));
}
			]]></add>
		</operation>
		<operation>
			<search><![CDATA[
$product_specials = $this->model_catalog_product->getProductSpecials($result['product_id']);
			]]></search>
			<add position="after"><![CDATA[
$s_key = false;
$s_query = $this->db->query("SELECT * FROM " . DB_PREFIX . "product WHERE product_id='" . (int)$result['product_id'] . "'");
if ($s_query->num_rows) {
    $s_key = $s_query->rows[0]['saleserials'];
}
			]]></add>
		</operation>
		<operation>
			<search><![CDATA[
'status'     => $result['status'] ? $this->language->get('text_enabled') : $this->language->get('text_disabled'),
			]]></search>
			<add position="after"><![CDATA[
'serialkey'  => $s_key,
			]]></add>
		</operation>
		<operation error="log">
			<search><![CDATA[
			if (isset($this->request->get['page'])) {
			]]></search>
			<add position="before"><![CDATA[
			if (isset($url) && isset($this->request->get['saleserials'])) {
				$url .= '&saleserials=' . $this->request->get['saleserials'];
			}

			if (isset($url) && isset($this->request->get['saledownloadlinks'])) {
				$url .= '&saledownloadlinks=' . $this->request->get['saledownloadlinks'];
			}
			]]></add>
		</operation>
		<operation error="log">
			<search><![CDATA[
			if (isset($this->request->post['image'])) {
			]]></search>
			<add position="before"><![CDATA[
			if (isset($this->request->post['saleserials'])) {
			$data['saleserials'] = $this->request->post['saleserials'];
		} elseif (!empty($product_info)) {
			$data['saleserials'] = $product_info['saleserials'];
		} else {
			$data['saleserials'] = 'N';
		}

		if (isset($this->request->post['saledownloadlinks'])) {
			$data['saledownloadlinks'] = $this->request->post['saledownloadlinks'];
		} elseif (!empty($product_info)) {
			$data['saledownloadlinks'] = $product_info['saledownloadlinks'];
		} else {
			$data['saledownloadlinks'] = 'N';
		}

		$data['templates'] = array();
		$query = $this->db->query("SELECT * FROM " . DB_PREFIX . "products_templates");
		if ($query->num_rows) {
		    foreach($query->rows as $template) {
		        $data['templates'][] = $template;
		    }
		}

		if (isset($this->request->post['templates_products'])) {
		    $data['templates_products'] = $this->request->post['templates_products'];
		} elseif (!empty($product_info)) {
		    $data['templates_products'] = $product_info['templates_products'];
		} else {
		    $data['templates_products'] = 0;
		}
			]]></add>
		</operation>
		<operation error="skip">
			<search><![CDATA[
			$data['product_downloads'] = array();
			]]></search>
			<add position="after"><![CDATA[
		if (isset($this->request->post['serialkey'])) {
			$data['serialkey'] = $this->request->post['serialkey'];
		} elseif (isset($this->request->get['product_id'])) {
			$data['serialkey'] = implode("\n",$this->model_catalog_product->getProductSerialkeys($this->request->get['product_id']));
		} else {
			$data['serialkey'] = '';
		}

		if (isset($this->request->post['downloadlink'])) {
			$data['downloadlink'] = $this->request->post['downloadlink'];
		} elseif (isset($this->request->get['product_id'])) {
			$data['downloadlink'] = $this->model_catalog_product->getProductDownloadlinks($this->request->get['product_id']);
		} else {
			$data['downloadlink'] = '';
		}
			]]></add>
		</operation>
		<operation error="log">
			<search><![CDATA[
			protected function getList() {
			]]></search>
			<add position="after"><![CDATA[
			$this->checkSerialkeysTables();
			]]></add>
		</operation>
		<operation error="log">
			<search><![CDATA[public function autocomplete]]></search>
			<add position="before"><![CDATA[
			private function checkSerialkeysTables() {
        // New Installation
        $query = $this->db->query("SHOW TABLES LIKE '" . DB_PREFIX . "serialkeys'");

        if (!$query->num_rows) {
            $this->db->query("CREATE TABLE IF NOT EXISTS `" . DB_PREFIX . "downloadlinks` (`downloadlink_id` int(11) NOT NULL AUTO_INCREMENT, language_id int(11) not null, `downloadlink` varchar(128) COLLATE utf8_bin NOT NULL DEFAULT '', `product_id` int(11) NOT NULL, `order_id` int(11) NOT NULL, `order_status_id` int(1) NOT NULL, `date_added` datetime NOT NULL DEFAULT '0000-00-00 00:00:00', PRIMARY KEY (`downloadlink_id`));");
        	$this->db->query("CREATE TABLE IF NOT EXISTS `" . DB_PREFIX . "order_downloadlink` (`order_downloadlink_id` int(11) NOT NULL AUTO_INCREMENT, `order_id` int(11) NOT NULL, `order_product_id` int(11) NOT NULL, `productname` varchar(64) COLLATE utf8_bin NOT NULL DEFAULT '', `downloadlink` varchar(128) COLLATE utf8_bin NOT NULL, `mask` varchar(128) COLLATE utf8_bin NOT NULL DEFAULT '', `remaining` int(3) NOT NULL DEFAULT '0', PRIMARY KEY (`order_downloadlink_id`));");
			$this->db->query("CREATE TABLE IF NOT EXISTS `" . DB_PREFIX . "order_serialkey` (`order_serialkey_id` int(11) NOT NULL AUTO_INCREMENT, `order_id` int(11) NOT NULL, `order_product_id` int(11) NOT NULL, `productname` varchar(64) COLLATE utf8_bin NOT NULL DEFAULT '', `serialkey` varchar(128) COLLATE utf8_bin NOT NULL, `mask` varchar(128) COLLATE utf8_bin NOT NULL DEFAULT '', `remaining` int(3) NOT NULL DEFAULT '0', PRIMARY KEY (`order_serialkey_id`));");
			$this->db->query("CREATE TABLE IF NOT EXISTS `" . DB_PREFIX . "product_to_downloadlink` (`product_id` int(11) NOT NULL, `downloadlink_id` int(11) NOT NULL, PRIMARY KEY (`product_id`,`downloadlink_id`));");
			$this->db->query("CREATE TABLE IF NOT EXISTS `" . DB_PREFIX . "serialkeys` (`serial_id` int(11) NOT NULL AUTO_INCREMENT, `serialkey` varchar(128) COLLATE utf8_bin NOT NULL DEFAULT '', `product_id` int(11) NOT NULL, `order_id` int(11) NOT NULL, `order_status_id` int(1) NOT NULL, `date_added` datetime NOT NULL DEFAULT '0000-00-00 00:00:00', PRIMARY KEY (`serial_id`));");
			$this->db->query("CREATE TABLE IF NOT EXISTS `" . DB_PREFIX . "products_templates` (`id` INT(11) NOT NULL , `name` VARCHAR(132) NOT NULL, PRIMARY KEY (`id`));");
			$this->db->query("CREATE TABLE IF NOT EXISTS `" . DB_PREFIX . "products_templates_description` (`id` INT(11) NOT NULL, `language_id` INT(11) NOT NULL, `description` TEXT NOT NULL);");
			$this->db->query("ALTER TABLE `" . DB_PREFIX . "product` ADD	`saleserials` varchar(1) COLLATE utf8_bin NOT NULL DEFAULT 'N';");
			$this->db->query("ALTER TABLE `" . DB_PREFIX . "product` ADD	`saledownloadlinks` varchar(1) COLLATE utf8_bin NOT NULL DEFAULT 'N';");
			$this->db->query("ALTER TABLE `" . DB_PREFIX . "product` ADD	`templates_products` INT(11) COLLATE utf8_bin NOT NULL;");
		}
			if (!in_array('1', $this->db->query("SELECT id FROM `" . DB_PREFIX . "products_templates`")->row)) {
			$this->db->query("INSERT INTO `" . DB_PREFIX . "products_templates`(`id`, `name`) VALUES ('1','default')");
			$this->db->query("INSERT INTO `" . DB_PREFIX . "products_templates_description`(`id`, `language_id`, `description`) VALUES ('1', '1', 'Thanks for ordering from Titan Cards, please find your codes below. The codes can be redeemed online at <a href=\"https://www.pokemon.com/redeem\">pokemon.com/redeem</a> or in-game in the Pokemon Trading Card Game Online.<br/><br/>{serial_number_or_link}Good luck in the battles ahead, and be sure to follow us at <a href=\"https://www.facebook.com/TitanCardsUK\">Facebook.com/TitanCardsUK</a> for news on all the latest Pokemon code releases and pre-orders.')");
			$this->db->query("ALTER TABLE `" . DB_PREFIX . "products_templates` CHANGE `id` `id` INT(11) NOT NULL AUTO_INCREMENT;");
		}
    }
			]]></add>
		</operation>
		<operation error="log">
			<search><![CDATA[
			if ($this->request->post['product_seo_url']) {
			]]></search>
			<add position="before"><![CDATA[
		if ($this->request->post['templates_products'] == 0 && isset($this->request->post['saleserials'])) {
			$this->error['templates_products'] = $this->language->get('error_choose_templates_products');
		}

			]]></add>
		</operation>
	</file>
	<file path="admin/view/template/catalog/product_form.twig">
		<operation error="log">
			<search offset="-3"><![CDATA[<label class="col-sm-2 control-label" for="input-date-available">{{ entry_date_available }}</label>]]></search>
			<add position="before"><![CDATA[
				<label class="col-sm-2" for="saleserials" style="text-align: right;">{{ entry_sell_serialkeyword }}</label>
                <div class="col-sm-10">
                    <input  class="form-control" onclick="showBox(this)" type="checkbox" name="saleserials" id="saleserials" value="Y" {% if saleserials == "Y" %}checked="checked"{% endif %} />
					<button type="button" id="show_sk_window" style="border-radius:0;border:none;color:white;background:#EA4F48;padding:4px 6px;margin-top:10px;"><i class="fa fa-key" style="margin-right:5px;"></i>{{ text_serial_edit }}</button>
                </div>
                <label class="col-sm-2 control-label" for="sktp">{{ choose_templates_products }}</label>
                <div class="col-sm-10">
					<select id="sktp" class="form-control" name="templates_products" style="margin-top:10px;width:250px;">
					    {% if templates is not empty %}
					    {% for template in templates %}
					    {% if template.id == templates_products %}
					    <option value="{{ template.id }}" selected="selected">{{ template.name }}</option>
					    {% else %}
					    <option value="{{ template.id }}">{{ template.name }}</option>
					    {% endif %}
					    {% endfor %}
					    {% endif %}
					 </select>
				  {% if error_templates_products %}
                  <div class="text-danger">{{ error_templates_products }}</div>
                  {% endif %}
                </div>
			</div>


                <script type="text/javascript">
                selectbox = document.getElementById('subtract');
				checkbox = document.getElementById('saleserials');
				$('#saleserials').parent().parent().addClass('required');

				function showBox(elem){
                document.getElementById("show_sk_window").style.display=elem.checked?"block":"none";
                document.getElementById("sktp").style.display=elem.checked?"block":"none";
                document.getElementById("sktp").parentElement.previousElementSibling.style.display=elem.checked?"block":"none";
                }
				showBox(document.getElementById("saleserials"));

				checkbox.addEventListener('change', function() {
					selectbox.value = "1"
				});

				$(checkbox).change(function(){

                $(selectbox).prop('disabled', true);

 				 });
$("#show_sk_window").click(function(){
 				     $("#product_form_modal").modal('show');
 				 });
 				 $("#sk_save, #sk_cancel").click(function(){
 				     //$("#sk_window").addClass("hide");
 				     $("#product_form_modal").modal('hide');
 				     s = $("#sk").val().replace(/^\s+|\s+$/,"");
 				     serials = s.split('\n').length;
                     $('#sk_qty').html(serials + "");
 				     return false;
 				 });
                </script>


            <div class="form-group">
                <label class="col-sm-2 control-label" for="saledownloadlinks">{{ entry_downloadlink }}</label>
                <div class="col-sm-10">
					<input class="form-control" onclick="showBox2(this)" type="checkbox" name="saledownloadlinks" id="saledownloadlinks" value="Y" {% if saledownloadlinks == "Y" %}checked="checked"{% endif %} />
					{% for language in languages %}
					<div id="dk{{ language.language_id }}" class="input-group">
						<span class="input-group-addon">
							<img src="language/{{ language.code }}/{{ language.code }}.png" title="{{ language.name }}" />
						</span>
						<input class="form-control" name="downloadlink[{{ language.language_id }}]" value="{% if downloadlink[language.language_id] is not empty %}{{ downloadlink[language.language_id] }}{% endif %}" />
						{% if error_downloadlink[language.language_id] is not empty %}
							<div class="text-danger">{{ error_downloadlink[language.language_id] }}</div>
						{% endif %}
					</div>
					{% endfor %}

				</div>

            <script type="text/javascript">
                function showBox2(elem){
					{% for language in languages %}
					document.getElementById("dk{{ language.language_id }}").style.display=elem.checked?"table":"none";
					{% endfor %}
					document.getElementById("ak").style.display=elem.checked?"table":"none";
                }

				showBox2(document.getElementById("saledownloadlinks"));
           	</script>

			</div>

			<div class="form-group">
			]]></add>
		</operation>
		<operation>
			<search><![CDATA[
        <div id="content">
		]]></search>
			<add position="after"><![CDATA[
			<div class="modal fade bs-example-modal-lg" tabindex="-1" role="dialog" aria-labelledby="myLargeModalLabel" aria-hidden="true" id="product_form_modal">
			<div class="modal-dialog modal-lg">
			<div class="modal-content">
			<div class="modal-header">
            <div class="pull-right">
            <button type="button" id="sk_save" data-toggle="tooltip" title="{{ button_save }}" class="btn btn-primary"><i class="fa fa-save"></i></button>
            <a href="#" id="sk_cancel" data-toggle="tooltip" title="{{ button_cancel }}" class="btn btn-default"><i class="fa fa-reply"></i></a>
            </div>
            <h1>{{ text_serial_edit }}</h1>
			</div>

<div class="modal-body" style="height:60vh;">
            <div class="row">
                <div class="col-sm-2">
                <img src="{{ thumb }}" alt="" title="" data-placeholder="{{ placeholder }}" />
                </div>
                <div class="col-sm-4">
                	<strong>{% if product_description.1 is defined %}{{ product_description.1.name }}{% endif %}</strong>
                	<br/>
                	{{ model }}
                </div>
                <div class="col-sm-6">
                	{% set serials_total = 0 %}
                	{% if serialkey is not empty %}
                	<script>
               			$(document).ready(function(){
                			s = $("#sk").val().replace(/^\s+|\s+$/,"");
 							serials = s.split('\n').length;
                			$('#sk_qty').html(serials + "");
                		});
                	</script>
					{% endif %}

<div class="btn btn-success" id="sk_qty">{{ serials_total }}</div>
                </div>
            </div>

            <textarea class="form-control" name="serialkey" form="form-product" id="sk" style="width:33%;height:70%;">{{ serialkey }}</textarea>
</div>

</div></div></div>
]]></add>
		</operation>
	</file>
	<!-- PRODUCT EDIT END -->
	<!-- ORDER LIST EDIT -->
	<file path="admin/view/template/sale/order_list.twig">
		<operation>
			<search><![CDATA[
        <div id="content">
		]]></search>
			<add position="after"><![CDATA[
		<div class="modal fade bs-example-modal-sm" tabindex="-1" id="mymodal" role="dialog" aria-labelledby="mySmallModalLabel" aria-hidden="true">
            <div class="modal-dialog modal-sm">
            	<div class="modal-content">
            		<div class="modal-header">
            			Return keys from selected orders to products?
            			<button class="close" aria-hidden="true" data-dismiss="modal" type="button" style="position:absolute; top:5px;right:5px;">×</button>
            		</div>
            		<div class="modal-body" style="min-height:70px;">
            			<button id="button-history-y" class="btn btn-primary btn-lg" aria-hidden="true" data-dismiss="modal" Style="position:absolute;left:20%;">YES</button>
            			<button id="button-history-n" class="btn btn-primary btn-lg" aria-hidden="true" data-dismiss="modal" Style="position:absolute;right:20%">NO</button>
            		</div>
            	</div>
            </div>
        </div>
<script>
var order_to_delete;
</script>
]]></add>
		</operation>
		<operation error="log">
			<search><![CDATA[
<td class="text-left">{% if sort == 'o.date_added' %}
			]]></search>
			<add position="before"><![CDATA[
<td class="text-left">Product Name</td>
<td class="text-left">Serial Key</td>
]]></add>
		</operation>
		<operation error="log">
			<search><![CDATA[
			<td class="text-left">{{ order.date_added }}</td>
			]]></search>
			<add position="before"><![CDATA[
			<td class="text-left">{{ order.productname }}</td>
			<td class="text-left">{{ order.serialkey }}</td>
]]></add>
		</operation>
		<operation error="log">
			<search><![CDATA[
			<td class="text-center" colspan="8">{{ text_no_results }}</td>
			]]></search>
			<add position="replace"><![CDATA[
			<td class="text-center" colspan="10">{{ text_no_results }}</td>
			]]></add>
		</operation>
		<operation>
			<search><![CDATA[
<li><a href="{{ order.order_id }}"><i class="fa fa-trash-o"></i> {{ button_delete }}</a></li>
		]]></search>
			<add position="before"><![CDATA[
{% if order.serialkey is not empty %}
<li><a class="btn btn-info" id="button-mail{{ order.order_id }}" onclick="sendMailKey({{ order.order_id }}, this)" data-toggle="tooltip" title="Send mail"><i class="fa fa-key" style="margin-right:5px;"></i><i class="fa fa-envelope-o"></i></a></li>
{% endif %}
		]]></add>
		</operation>
		<operation>
			<search><![CDATA[
		$('#button-filter').on('click', function() {
		]]></search>
			<add position="before"><![CDATA[
function sendMailKey(order_id,th) {
    $.ajax({
        url:"index.php?route=sale/order/sendmailkey&order_id=" + order_id + "&user_token={{ user_token }}",
        success: function(json) {

            if(json.error) {
                alert(json.error);
            } else if(json.front) {
                $.ajax({
                    url:'{{ catalog }}index.php?route=api/order/serialkey&api_token={{ api_token }}&order_id=' + order_id,
                    success:function(json2) {
                        if(json2.error) {
                            alert(json2.error);
                        } else if(json2.success) {
                            alert(json.success);
                        }
                    }
                });
            } else if(json.success) {
                alert(json.success);
                $(th).removeClass('btn-info');
                $(th).addClass('btn-warning')
            }
        }
    });
}
		]]></add>
		</operation>
		<operation>
			<search><![CDATA[
<li><a href="{{ order.order_id }}"><i class="fa fa-trash-o"></i> {{ button_delete }}</a></li>
		]]></search>
			<add position="replace"><![CDATA[
<li><a href="{{ order.order_id }}" class="order-delete" {% if order.serialkey is not empty %}sk="1"{% endif %}><i class="fa fa-trash-o"></i> {{ button_delete }}</a></li>
        ]]></add>
		</operation>
		<operation>
			<search><![CDATA[
if (confirm('{{ text_confirm }}')) {
		]]></search>
			<add position="replace"><![CDATA[
if (confirm('{{ text_confirm }}')) {
	if($(this).attr('sk') == 1) {
		order_to_delete = this;
		$('#mymodal').modal();
	} else {
		deleteOrder(element, 0);
	}
}

});

function deleteOrder(element, serialdeletestatus) {
        ]]></add>
		</operation>
		<operation>
			<search><![CDATA[
alert(thrownError + "\r\n" + xhr.statusText + "\r\n" + xhr.responseText);
		]]></search>
			<add position="replace" offset="4"><![CDATA[
			alert(thrownError + "\r\n" + xhr.statusText + "\r\n" + xhr.responseText);
		}
	});
}
        ]]></add>
		</operation>
		<operation>
			<search><![CDATA[
$('.date').datetimepicker({
		]]></search>
			<add position="before"><![CDATA[
$("#button-history-y").click(function(){
   deleteOrder(order_to_delete, 0);
});
$("#button-history-n").click(function(){
   deleteOrder(order_to_delete, 1);
});
        ]]></add>
		</operation>
		<operation>
			<search><![CDATA[
url: '{{ catalog }}index.php?route=api/order/delete&api_token={{ api_token }}&store_id={{ store_id }}&order_id=' + $(element).attr('href'),
		]]></search>
			<add position="replace"><![CDATA[
url: '{{ catalog }}index.php?route=api/order/delete&api_token={{ api_token }}&store_id={{ store_id }}&order_id=' + $(element).attr('href'),
type:'get',
data:(serialdeletestatus) ? "serialdeletestatus=1" : "",
        ]]></add>
		</operation>
	</file>

	<file path="admin/controller/sale/order.php">
		<operation>
			<search><![CDATA[
            $data['breadcrumbs'] = array();
			]]></search>
			<add position="after"><![CDATA[
            $data['statuses'] = array_merge($this->config->get('config_processing_status'), $this->config->get('config_complete_status'));
            ]]></add>
		</operation>
		<operation>
			<search><![CDATA[
$results = $this->model_sale_order->getOrders($filter_data);
            ]]></search>
			<add position="after"><![CDATA[
$this->load->model('extension/sale/serial_keys');
]]></add>
		</operation>
		<operation>
			<search index="0"><![CDATA[
foreach ($results as $result) {
            ]]></search>
			<add position="after"><![CDATA[
$getkeys = $this->model_extension_sale_serial_keys->getSerialkeys($result['order_id']);
$serialkeys = array();
$productnames = array();
foreach ($getkeys as $serialkey) {
	$serialkeys[]= $serialkey['serialkey'];
	$productnames[]= $serialkey['productname'];
}
$serialkeys = implode('<br />',$serialkeys);
$productnames = implode('<br />',$productnames);
]]></add>
		</operation>
		<operation>
			<search><![CDATA[
'order_id'      => $result['order_id'],
            ]]></search>
			<add position="after"><![CDATA[
'serialkey' => $serialkeys,
'productname' => $productnames,
]]></add>
		</operation>
		<operation>
			<search><![CDATA[
public function shipping() {
			]]></search>
			<add position="before"><![CDATA[
public function sendmailkey() {

    $json = array();

    if (!empty($this->request->get['order_id'])) {

        $this->load->language('sale/order');

        $this->load->model('sale/order');
        $this->load->model('extension/sale/serial_keys');
        $this->load->model('catalog/product');

        $order = $this->model_sale_order->getOrder($this->request->get['order_id']);

        $data['email'] = $order['email'];
        $data['language_id'] = $order['language_id'];

        $currency = $order['currency_code'];

        $serialkeys = $this->model_extension_sale_serial_keys->getSerialkeys($this->request->get['order_id']);

        $data['products'] = array();

        $products_query = $this->model_sale_order->getOrderProducts($this->request->get['order_id']);
		$products = array();
		$product_ids = array();
		foreach ($products_query as $product) {
			if (!in_array($product['product_id'], $product_ids)) {
				$products[] = $product;
			}
			array_push($product_ids, $product['product_id']);
		}

		$sk_ids = array();
		foreach ($serialkeys as $serialkey) {
			foreach ($products as $product) {
				if ($product['product_id'] == $serialkey['order_product_id'] && !in_array($serialkey['serialkey'],$sk_ids)) {
					$price = $product['price'];
					if (isset($data['products'][$product['product_id']])) {
						$data['products'][$product['product_id']] .= $serialkey['productname'] . " " . $this->currency->format($price, $currency) . " : " . $serialkey['serialkey'] . "<br/>";
					} else {
						$data['products'][$product['product_id']] = $serialkey['productname'] . " " . $this->currency->format($price, $currency) . " : " . $serialkey['serialkey'] . "<br/>";
					}
					array_push($sk_ids, $serialkey['serialkey']);
				}
			}
		}

		foreach ($products as $product) {

			$product_info = $this->model_catalog_product->getProduct($product['product_id']);

			if ($product_info['saleserials'] == "Y" && $product_info['templates_products'] == 1) {
				$query = $this->db->query("SELECT * FROM " . DB_PREFIX . "products_templates_description WHERE id='1'");
			} else {
				$templates_products = $product_info['templates_products'];
				$query = $this->db->query("SELECT * FROM " . DB_PREFIX . "products_templates_description WHERE id='" . (int)$templates_products . "' AND language_id='" . (int)$data['language_id'] . "'");
			}
			if ($query->num_rows) {
				$template_description = $query->row['description'];

				$subject = sprintf($this->language->get('serialkeys_for'), $product['name']);

				$message_body = str_replace('{serial_number_or_link}', $data['products'][$product['product_id']], $template_description);

				$downloadlink = '';
				$q_download = $this->db->query("SELECT * FROM " . DB_PREFIX . "order_downloadlink WHERE order_product_id='" . (int)$product['product_id'] . "' AND order_id='" . (int)$this->request->get['order_id'] . "'");
				if ($q_download->num_rows && $q_download->row['downloadlink'] != '') {
					$downloadlink .= '<a href="' . $q_download->row['downloadlink'] . '" target="_blank">' . $q_download->row['productname'] . '</a>';
				}

				$message_body = str_replace('{download_link}', $downloadlink, $message_body);

				$html = "<!doctype html><head><meta http-equiv='Content-Type' content='text/html; charset=utf-8'></head><body>";
				$html .= html_entity_decode($message_body);
				$html .= "</body></html>";

				$mail = new Mail($this->config->get('config_mail_engine'));
				$mail->protocol = $this->config->get('config_mail_protocol');
				$mail->parameter = $this->config->get('config_mail_parameter');
				$mail->smtp_hostname = $this->config->get('config_mail_smtp_hostname');
				$mail->smtp_username = $this->config->get('config_mail_smtp_username');
				$mail->smtp_password = html_entity_decode($this->config->get('config_mail_smtp_password'), ENT_QUOTES, 'UTF-8');
				$mail->smtp_port = $this->config->get('config_mail_smtp_port');
				$mail->smtp_timeout = $this->config->get('config_mail_smtp_timeout');

				$mail->setTo($data['email']);
				$mail->setFrom($this->config->get('config_email'));
				$mail->setSender(html_entity_decode($order['store_name'], ENT_QUOTES, 'UTF-8'));
				$mail->setSubject(html_entity_decode($subject, ENT_QUOTES, 'UTF-8'));
				$mail->setHtml($html);
				$mail->send();

			} else {
				$error = $this->language->get('template_not_found');
			}
		}

        if (isset($error)) {
            $json['error'] = $error;
        } else {
            $json['success'] = $this->language->get('mail_was_sended');
			if($no_template) {
				$json['front'] = 1;
			}
        }

        $this->response->addHeader('Content-Type: application/json');
        $this->response->setOutput(json_encode($json));
    }
}
			]]></add>
		</operation>
	</file>
	<file path="admin/language/*/sale/order.php">
		<operation error="log">
			<search><![CDATA[
			$_['error_warning']
			]]></search>
			<add position="after"><![CDATA[
			$_['template_not_found']                      = 'Warning: Templates products not found!';
			$_['serialkeys_for']                          = 'Titan Cards %s - Your Pokemon Online Codes';
			$_['mail_was_sended']                         = 'Success! Mails with serialkeys was sended';
			]]></add>
		</operation>
	</file>
	<!-- ORDER LIST EDIT END -->
	<!-- ADMIN MODS END -->
	<!-- FRONT MODS -->
	<!-- ACCOUNT PAGE EDIT -->
	<file path="catalog/view/theme/*/template/account/account.twig">
		<operation error="log">
			<search><![CDATA[
			<li><a href="{{ order }}">{{ text_order }}</a></li>
			]]></search>
			<add position="before"><![CDATA[
			<li><a href="{{ serial_keys }}">{{ text_serial_keys }}</a></li>
			]]></add>
		</operation>
	</file>
	<file path="catalog/language/*/account/account.php">
		<operation error="log">
			<search><![CDATA[
			$_['text_download']
			]]></search>
			<add position="before"><![CDATA[
			$_['text_serial_keys']   = 'My Pokemon Online Codes';
			]]></add>
		</operation>
	</file>
	<file path="catalog/controller/account/account.php">
		<operation error="log">
			<search><![CDATA[
			$data['return'] = $this->url->link('account/return', '', true);
			]]></search>
			<add position="before"><![CDATA[
			$data['serial_keys'] = $this->url->link('extension/account/serial_keys', '', true);
			$data['downloadlink'] = $this->url->link('extension/account/serial_keys', '', true);
			]]></add>
		</operation>
	</file>
	<!-- ACCOUNT PAGE EDIT END -->
	<!-- ACCOUNT MODULE EDIT -->
	<file path="catalog/controller/extension/module/account.php">
		<operation error="log">
			<search><![CDATA[
			$data['account'] = $this->url->link('account/account', '', true);
			]]></search>
			<add position="after"><![CDATA[
			$data['serialkeys'] = $this->url->link('extension/account/serial_keys', '', true);
			]]></add>
		</operation>
	</file>
	<file path="catalog/language/*/extension/module/account.php">
		<operation error="log">
			<search><![CDATA[
			$_['text_edit']
			]]></search>
			<add position="before"><![CDATA[
			/* RESTRICTED SHOPPING */
$_['text_serialkeys']  = 'Pokemon Codes';
/* RESTRICTED SHOPPING END */
			]]></add>
		</operation>
	</file>
	<file path="catalog/view/theme/*/template/extension/module/account.twig">
		<operation error="log">
			<search><![CDATA[
			 <a href="{{ account }}" class="list-group-item">{{ text_account }}</a>
			]]></search>
			<add position="after"><![CDATA[
 <a href="{{ serialkeys }}" class="list-group-item">{{ text_serialkeys }}</a>
			]]></add>
		</operation>
	</file>
	<!-- ACCOUNT MODULE EDIT END -->
	<!-- SUCCESS EDIT -->
	<file path="catalog/controller/checkout/success.php">
		<operation error="log">
			<search><![CDATA[
			$data['text_message'] = sprintf($this->language->get('text_customer'), $this->url->link('account/account', '', true), $this->url->link('account/order', '', true), $this->url->link('account/download', '', true), $this->url->link('information/contact'));
			]]></search>
			<add position="replace"><![CDATA[
			$data['text_message'] = sprintf($this->language->get('text_customer2'), $this->url->link('account/account', '', true), $this->url->link('account/order', '', true), $this->url->link('account/download', '', true), $this->url->link('account/order', '', true), $this->url->link('extension/account/serial_keys', '', true),$this->url->link('information/contact'));
			]]></add>
		</operation>
		<operation error="log">
			<search><![CDATA[
			$data['text_message'] = sprintf($this->language->get('text_guest'), $this->url->link('information/contact'));
			]]></search>
			<add position="replace"><![CDATA[
			$data['text_message'] = sprintf($this->language->get('text_guest2'), $this->url->link('information/contact'));
			]]></add>
		</operation>
	</file>
	<file path="catalog/language/*/checkout/success.php">
		<operation error="log">
			<search><![CDATA[
			$_['text_success']
			]]></search>
			<add position="before"><![CDATA[
			$_['text_customer2']        = '<p>Your order has been successfully processed!</p><p>You can view your order history by going to the <a href="%s">my account</a> page and by clicking on <a href="%s">history</a>.</p><p>If your purchase has an associated download, you can go to the account <a href="%s">downloads</a> page to view them.</p><p>Please direct any questions you have to the <a href="%s">store owner</a>.</p><p>If you have purchased <b>Pokemon Online Codes</b> for the Pokemon Trading Card game online, you can find your codes using this link: <a href="index.php?route=extension/account/serial_keys">My Pokemon Online Codes.</a></p><p>Thanks for shopping with us online!</p>';
			]]></add>
		</operation>
		<operation error="log">
			<search><![CDATA[
			$_['text_guest']
			]]></search>
			<add position="before"><![CDATA[
			$_['text_guest2']    = '<p>Your order has been successfully processed!</p>
			<p>Please direct any questions you have to the <a href="%s">store owner</a>.</p>
			<p>If you have purchased <b>Pokemon Online Codes</b> for the Pokemon Trading Card game online, please reply you order confirmation email you have just received so we could send you your <b>Pokemon Codes.</b><p>Thanks for shopping with us online!</p>';
			]]></add>
		</operation>
	</file>
	<!-- SUCCESS EDIT END -->
	<!-- CHECKOUT ORDER EDIT -->
	<file path="catalog/model/checkout/order.php">
		<operation>
			<search><![CDATA[
$this->db->query("DELETE FROM `" . DB_PREFIX . "order` WHERE order_id = '" . (int)$order_id . "'");
			]]></search>
			<add position="before"><![CDATA[
$this->db->query("DELETE FROM `" . DB_PREFIX . "order_serialkey` WHERE order_id = '" . (int)$order_id . "'");
$this->db->query("DELETE FROM `" . DB_PREFIX . "order_downloadlink` WHERE order_id = '" . (int)$order_id . "'");
			]]></add>
		</operation>
		<operation>
			<search index="1"><![CDATA[
$order_options = $this->getOrderOptions($order_id, $order_product['order_product_id']);
			]]></search>
			<add position="before"><![CDATA[
$query_serial_order = $this->db->query("SELECT * FROM " . DB_PREFIX . "order_serialkey WHERE order_id='" .(int)$order_id . "' AND order_product_id='" . $order_product['product_id'] . "'");

if($query_serial_order->num_rows) {

    foreach($query_serial_order->rows as $serial_order) {

        if(empty($this->request->get['serialdeletestatus'])) {
        	$this->db->query("INSERT INTO " . DB_PREFIX . "serialkeys SET product_id='" . (int)$order_product['product_id'] . "', serialkey='" . $serial_order['serialkey'] . "'");
        }
    }

    $serials_product = $this->db->query("SELECT * FROM `" .  DB_PREFIX . "serialkeys` WHERE product_id='" . (int)$order_product['product_id'] . "'");

    if ( $serials_product->num_rows)  {
          $this->db->query("UPDATE `" . DB_PREFIX . "product` SET quantity='" . (int)$serials_product->num_rows . "' WHERE product_id='" . (int)$order_product['product_id'] . "'");
    }

    $this->db->query("DELETE FROM " . DB_PREFIX . "order_serialkey WHERE order_id='" .(int)$order_id . "' AND order_product_id='" . $order_product['product_id'] . "'");
}
			]]></add>
		</operation>
		<operation error="log">
			<search><![CDATA[
			foreach ($order_products as $order_product) {
			]]></search>
			<add position="replace"><![CDATA[
				$order_product_serials = array();
				foreach ($order_products as $order_product) {
					$product_opt = false;
					for ($i = 0; $i < count($order_product_serials); $i++){
						if ($order_product['product_id'] == $order_product_serials[$i]['product_id']) {
							$quantity = $order_product_serials[$i]['quantity'] + $order_product['quantity'];
							$order_product_serials[$i]['quantity'] = "$quantity";
							$product_opt = true;
						}
					}
					if ($product_opt == false) {
						$order_product_serials[] = $order_product;
					}
				}
				foreach ($order_product_serials as $order_product) {
			]]></add>
		</operation>
		<operation error="log">
			<search index="0"><![CDATA[
$order_options = $this->getOrderOptions($order_id, $order_product['order_product_id']);
			]]></search>
			<add position="before"><![CDATA[
				// serialkeys
				$order_product_serials_query = $this->db->query("SELECT pd.name, p.product_id, s.serial_id, s.serialkey FROM " . DB_PREFIX . "product p LEFT JOIN " . DB_PREFIX . "serialkeys s ON s.product_id=p.product_id LEFT JOIN " . DB_PREFIX . "product_description pd ON s.product_id=pd.product_id WHERE p.product_id = '" . (int)$order_product['product_id'] . "'  AND pd.language_id = '" . (int)$order_info['language_id'] . "' AND p.saleserials='Y' ORDER BY s.serial_id");

				$order_serial_check = $this->db->query("SELECT * FROM " . DB_PREFIX . "order_serialkey WHERE order_id='" . (int)$order_id . "' AND order_product_id='" . (int)$order_product['product_id'] . "'");

				// to-do: add checks is there enough serialkeys amount
				if ($order_product_serials_query->num_rows) {
					$serials = $order_product_serials_query->rows;
					for ($i=0;$i<$order_product['quantity'];$i++) {
						// add key then delete it from all table
						if ($order_serial_check->num_rows <= $i) {
						$this->db->query("INSERT INTO " . DB_PREFIX . "order_serialkey SET order_id = '" . (int)$order_id . "', order_product_id = '" . (int)$order_product['product_id'] . "', productname = '" . $this->db->escape($serials[$i]['name']) . "', serialkey = '" . $this->db->escape($serials[$i]['serialkey']) . "'");

						$this->db->query("DELETE FROM " . DB_PREFIX . "serialkeys WHERE serial_id='" . (int)$serials[$i]['serial_id'] . "'");
						}
					}
				}
				}
				foreach ($order_products as $order_product) {
			]]></add>
		</operation>
		<operation error="log">
			<search><![CDATA[
$this->cache->delete('product');
			]]></search>
			<add position="before"><![CDATA[
			if(!$order_info['order_status_id']) {
						// low stock check

				$order_products = $this->getOrderProducts($order_id);

				foreach($order_products as $order_product) {

				 $qry = $this->db->query("SELECT quantity, model, name, saleserials FROM " . DB_PREFIX . "product as p join " . DB_PREFIX . "product_description as pd on p.product_id=pd.product_id WHERE p.product_id = '" . (int)$order_product['product_id'] . "' AND language_id='" . $this->config->get('config_language_id') . "'");

					if ($qry->row['quantity'] <= $this->config->get('config_stock_notify') && $qry->row['saleserials'] == 'Y') {

						$this->load->model('setting/store');
						$this->load->language('mail/customer');

						$mail = new Mail();
						$mail->protocol = $this->config->get('config_mail_protocol');
						$mail->parameter = $this->config->get('config_mail_parameter');
						$mail->smtp_hostname = $this->config->get('config_mail_smtp_hostname');
						$mail->smtp_username = $this->config->get('config_mail_smtp_username');
						$mail->smtp_password = html_entity_decode($this->config->get('config_mail_smtp_password'), ENT_QUOTES, 'UTF-8');
						$mail->smtp_port = $this->config->get('config_mail_smtp_port');
						$mail->smtp_timeout = $this->config->get('config_mail_smtp_timeout');

						$mail->setTo($this->config->get('config_email'));
						$mail->setFrom($this->config->get('config_email'));
						$mail->setReplyTo($order_info['email']);
						$mail->setSender('Out stock Alert');
						$mail->setSubject('Out of stock on: '. $qry->row['name']);
						$mail->setText('There is less than ' . $this->config->get('config_stock_notify') . ' items left of: '. $qry->row['name']);
						$mail->send();
					 }
				}
			}
			]]></add>
		</operation>
		<operation>
			<search><![CDATA[
$this->db->query("DELETE FROM `" . DB_PREFIX . "order` WHERE order_id = '" . (int)$order_id . "'");
			]]></search>
			<add position="before"><![CDATA[
$order_sk_query = $this->db->query("SELECT * FROM " . DB_PREFIX . "order_serialkey WHERE order_id = '" . (int)$order_id . "'");

if ($order_sk_query->num_rows) {

    $products = array();

    foreach($order_sk_query->rows as $serial) {
    	if(empty($this->request->get['serialdeletestatus']))
         $this->db->query("INSERT INTO `". DB_PREFIX ."serialkeys` SET product_id='" . (int)$serial['order_product_id'] . "', serialkey='" . $serial['serialkey'] . "'");
         if (!in_array($serial['order_product_id'],$products)) {
         	$products[] = $serial['order_product_id'];
         }
    }

    if(!empty($products)) {

       foreach($products as $product) {

           $serials_product = $this->db->query("SELECT * FROM `" .  DB_PREFIX . "serialkeys` WHERE product_id='" . (int)$product . "'");

           if ( $serials_product->num_rows)  {
              $fff = count($serials_product->rows);
              $this->db->query("UPDATE `" . DB_PREFIX . "product` SET quantity='" . (int)$fff . "' WHERE product_id='" . (int)$product . "'");
           }
       }
    }
}
// Delete serial from order
$this->db->query("DELETE FROM `" .  DB_PREFIX . "serialkeys` WHERE serialkey=''");
$this->db->query("DELETE FROM `" . DB_PREFIX . "order_serialkey` WHERE order_id = '" . $order_id . "'");
			]]></add>
		</operation>
	</file>

	<file path="catalog/controller/mail/order.php">
		<operation error="log">
			<search><![CDATA[
$order_products = $this->model_checkout_order->getOrderProducts($order_info['order_id']);
			]]></search>
			<add position="before"><![CDATA[
			// Serialkeys
			$order_sk_query = $this->db->query("SELECT * FROM " . DB_PREFIX . "order_serialkey WHERE order_id = '" . (int)$order_info['order_id'] . "'");

			// Download links
			$order_dl_query = $this->db->query("SELECT * FROM " . DB_PREFIX . "order_downloadlink WHERE order_id = '" . (int)$order_info['order_id'] . "'");

			/* added to show serials and links */
			if($order_sk_query->num_rows) {
				$data['serialkey'] = '';
				foreach ($order_sk_query->rows as $sk) {
					$data['serialkey'] .= $sk['productname'] . ": " . $sk['serialkey']. "\n\n";
				}
			}

			if($order_dl_query->num_rows) {
				$data['downloadlink'] = '';
				foreach ($order_dl_query->rows as $dl) {
					$data['downloadlink'] .= $dl['downloadlink'];
				}
			}
			]]></add>
		</operation>
		<operation error="log">
			<search index="0"><![CDATA[
			$data['link'] = $order_info['store_url'] . 'index.php?route=account/order/info&order_id=' . $order_info['order_id'];
			]]></search>
			<add position="after"><![CDATA[
			$data['link2'] = $order_info['store_url'] . 'index.php?route=extension/account/serial_keys';
			]]></add>
		</operation>
	</file>

	<file path="catalog/view/theme/*/template/mail/order_add.twig">
		<operation error="log">
			<search><![CDATA[
			{% if download %}
			]]></search>
			<add position="before"><![CDATA[
			<p style="margin-top: 0px; margin-bottom: 20px;">{{ text_link2 }}</p>
  			<p style="margin-top: 0px; margin-bottom: 20px;"><a href="{{ link2 }}">{{ link2 }}</a></p>
			]]></add>
		</operation>
	</file>
	<!-- EMAIL KEY TO A CUSTOMER END -->
	<!-- ORDER MAIL EDIT -->
	<file path="catalog/language/*/mail/order_add.php">
		<operation error="log">
			<search><![CDATA[
			$_['text_subject']
			]]></search>
			<add position="before"><![CDATA[
$_['text_new_link2']        = 'To view your purchased Serial Key click on the link below:';
$_['template_not_found']    = 'Warning: Templates products not found!';
$_['serialkeys_for']        = 'Titan Cards Order %s - Your Pokemon Online Codes';
$_['mail_was_sended']       = 'Success! Mails with serialkeys was sended';
			]]></add>
		</operation>
	</file>
	<!-- ORDER MAIL EDIT END -->
	<!-- FRONT MODS END -->
	<file path="admin/controller/common/column_left.php">
		<operation>
			<search><![CDATA[
if ($catalog) {
	]]></search>
			<add position="before"><![CDATA[
if ($this->user->hasPermission('access', 'catalog/product')) {
				$catalog[] = array(
					'name'	   => $this->language->get('text_templates_products_editor'),
					'href'     => $this->url->link('catalog/product/products_templates', 'user_token=' . $this->session->data['user_token'], true),
					'children' => array()
				);
			}
			]]></add>
		</operation>
	</file>
	<file path="admin/language/*/common/column_left.php">
		<operation>
			<search><![CDATA[
$_['text_other_status']
	]]></search>
			<add position="after"><![CDATA[
$_['text_templates_products_editor']   = 'Templates Products Editor';
			]]></add>
		</operation>
	</file>

	<file path="admin/view/template/sale/order_info.twig">
		<operation>
			<search><![CDATA[
            <div id="content">
			]]></search>
			<add position="after"><![CDATA[
            <div class="modal fade bs-example-modal-sm" tabindex="-1" id="mymodal" role="dialog" aria-labelledby="mySmallModalLabel" aria-hidden="true">
            	<div class="modal-dialog modal-sm">
            		<div class="modal-content">
            			<div class="modal-header">
            				Return keys from selected orders to products?
            				<button class="close" aria-hidden="true" data-dismiss="modal" type="button" style="position:absolute; top:5px;right:5px;">×</button>
            			</div>
            			<div class="modal-body" style="min-height:70px;">
            				<button id="button-history-y" data-loading-text="{{ text_loading }}" class="btn btn-primary btn-lg" aria-hidden="true" data-dismiss="modal" Style="position:absolute;left:20%;">YES</button>
            			<button id="button-history-n" data-loading-text="{{ text_loading }}" class="btn btn-primary btn-lg" aria-hidden="true" data-dismiss="modal" Style="position:absolute;
                        	right:20%">NO</button>
            			</div>
            		</div>
            	</div>
            </div>
            ]]></add>
		</operation>
		<operation>
			<search><![CDATA[
            {% for order_statuses in order_statuses %}
			]]></search>
			<add position="replace" offset="15"><![CDATA[
              {% for order_statuses in order_statuses %}
                  {% if order_statuses.order_status_id == order_status_id %}
                      <option value="{{ order_statuses.order_status_id }}" selected="selected" status="{% if order_statuses.order_status_id in statuses %}yes{% endif %}">{{ order_statuses.name }}</option>
                  {% else %}
                      <option value="{{ order_statuses.order_status_id }}" status="{% if order_statuses.order_status_id in statuses %}yes{% endif %}">{{ order_statuses.name }}</option>
                  {% endif %}
              {% endfor %}
            ]]></add>
		</operation>
		<operation>
			<search><![CDATA[
            $('#button-history').on('click', function() {
			]]></search>
			<add position="before"><![CDATA[
			$('#button-history-y').click(function() {
				buttonHistory();
			});

			$('#button-history-n').click(function() {

	$.ajax({
		url: '{{ catalog }}index.php?route=api/order/history&api_token={{ api_token }}&store_id={{ store_id }}&order_id={{ order_id }}&serialdeletestatus=1',
		type: 'post',
		dataType: 'json',
		data: 'order_status_id=' + encodeURIComponent($('select[name=\'order_status_id\']').val()) + '&notify=' + ($('input[name=\'notify\']').prop('checked') ? 1 : 0) + '&override=' + ($('input[name=\'override\']').prop('checked') ? 1 : 0) + '&append=' + ($('input[name=\'append\']').prop('checked') ? 1 : 0) + '&comment=' + encodeURIComponent($('textarea[name=\'comment\']').val()),
		beforeSend: function() {
			$('#button-history').button('loading');
		},
		complete: function() {
			$('#button-history').button('reset');
		},
		success: function(json) {
			$('.alert').remove();

			if (json['error']) {
				$('#history').before('<div class="alert alert-danger"><i class="fa fa-exclamation-circle"></i> ' + json['error'] + ' <button type="button" class="close" data-dismiss="alert">&times;</button></div>');
			}

			if (json['success']) {
				$('#history').load('index.php?route=sale/order/history&user_token={{ user_token }}&order_id={{ order_id }}');

				$('#history').before('<div class="alert alert-success"><i class="fa fa-check-circle"></i> ' + json['success'] + ' <button type="button" class="close" data-dismiss="alert">&times;</button></div>');

				$('textarea[name=\'comment\']').val('');
			}
		},
		error: function(xhr, ajaxOptions, thrownError) {
			alert(thrownError + "\r\n" + xhr.statusText + "\r\n" + xhr.responseText);
		}
	});

			});
            ]]></add>
		</operation>
		<operation>
			<search><![CDATA[
            $('#button-history').on('click', function() {
			]]></search>
			<add position="after"><![CDATA[
				if ( $('#input-order-status option:selected').attr('status') == "yes" ) {
					buttonHistory();
				} else {
            		$('#mymodal').modal();
				}
			});

   function buttonHistory() {
            ]]></add>
		</operation>
		<operation>
			<search index="6"><![CDATA[
            alert(thrownError + "\r\n" + xhr.statusText + "\r\n" + xhr.responseText);
			]]></search>
			<add position="replace" offset="3"><![CDATA[
            alert(thrownError + "\r\n" + xhr.statusText + "\r\n" + xhr.responseText);
         }
      });
   }
            ]]></add>
		</operation>
	</file>

	<file path="catalog/language/*/mail/order_add.php">
		<operation>
			<search><![CDATA[
$_['text_footer']
	]]></search>
			<add position="after"><![CDATA[
$_['text_greeting_serialkeys'] = 'Your serialkeys';
$_['column_serialkeys'] = 'Serialkeys';
$_['text_downloadlink'] = 'Downloadlink';
			]]></add>
		</operation>
	</file>

	<file path="catalog/view/theme/*/template/mail/order_add.twig">
		<operation>
			<search><![CDATA[
{{ text_model }}
	]]></search>
			<add position="after"><![CDATA[
{% if has_serialkeys or has_downloadlink %}
<td style="font-size: 12px; border-right: 1px solid #DDDDDD; border-bottom: 1px solid #DDDDDD; background-color: #EFEFEF; font-weight: bold; text-align: left; padding: 7px; color: #222222;">{{ column_serialkeys }}</td>
{% endif %}
			]]></add>
		</operation>
		<operation>
			<search><![CDATA[
{{ product.model }}
	]]></search>
			<add position="after"><![CDATA[
{% if has_serialkeys or has_downloadlink %}
<td style="font-size: 12px; border-right: 1px solid #DDDDDD; border-bottom: 1px solid #DDDDDD; text-align: left; padding: 7px;">
{% if product.serialkeys %}
{{ product.serialkeys }}
<br/>
{% endif %}
{% if product.downloadlink %}
<a href="{{ product.downloadlink }}">{{ text_downloadlink }}</a>
{% endif %}
</td>
{% endif %}
			]]></add>
		</operation>
		<operation>
			<search><![CDATA[
colspan="4"
	]]></search>
			<add position="replace"><![CDATA[
{% if has_serialkeys or has_downloadlink %}colspan="5"{% else %}colspan="4"{% endif %}
			]]></add>
		</operation>
	</file>

	<file path="catalog/controller/api/order.php">
		<operation>
			<search><![CDATA[
public function history() {
	]]></search>
			<add position="before"><![CDATA[
public function serialkey() {
        $this->load->language('api/order');

        $json = array();

        if (!isset($this->session->data['api_id'])) {
            $json['error'] = $this->language->get('error_permission');
        } else {
            $this->load->model('checkout/order');

            $order_info = $this->model_checkout_order->getOrder($this->request->get['order_id']);

            $download_status = false;

            $order_products = $this->model_checkout_order->getOrderProducts($order_info['order_id']);

            // Load the language for any mails that might be required to be sent out
            $language = new Language($order_info['language_code']);
            $language->load($order_info['language_code']);
            $language->load('mail/order_add');

            // HTML Mail
            $data['title'] = sprintf($language->get('text_subject'), $order_info['store_name'], $order_info['order_id']);

            $data['text_greeting'] = $language->get('text_greeting_serialkeys');
            $data['text_link'] = $language->get('text_link');
            $data['text_download'] = $language->get('text_download');
            $data['text_order_detail'] = $language->get('text_order_detail');
            $data['text_instruction'] = $language->get('text_instruction');
            $data['text_order_id'] = $language->get('text_order_id');
            $data['text_date_added'] = $language->get('text_date_added');
            $data['text_payment_method'] = $language->get('text_payment_method');
            $data['text_shipping_method'] = $language->get('text_shipping_method');
            $data['text_email'] = $language->get('text_email');
            $data['text_telephone'] = $language->get('text_telephone');
            $data['text_ip'] = $language->get('text_ip');
            $data['text_order_status'] = $language->get('text_order_status');
            $data['text_payment_address'] = $language->get('text_payment_address');
            $data['text_shipping_address'] = $language->get('text_shipping_address');
            $data['text_product'] = $language->get('text_product');
            $data['text_model'] = $language->get('text_model');
            $data['text_quantity'] = $language->get('text_quantity');
            $data['text_price'] = $language->get('text_price');
            $data['text_total'] = $language->get('text_total');
            $data['text_footer'] = $language->get('text_footer');
            $data['column_serialkeys'] = $language->get('column_serialkeys');
            $data['text_downloadlink'] = $language->get('text_downloadlink');

            $data['logo'] = $order_info['store_url'] . 'image/' . $this->config->get('config_logo');
            $data['store_name'] = $order_info['store_name'];
            $data['store_url'] = $order_info['store_url'];
            $data['customer_id'] = $order_info['customer_id'];
            $data['link'] = $order_info['store_url'] . 'index.php?route=account/order/info&order_id=' . $order_info['order_id'];
            $data['link2'] = $order_info['store_url'] . 'index.php?route=account/serial_keys';

            if ($download_status) {
                $data['download'] = $order_info['store_url'] . 'index.php?route=account/download';
            } else {
                $data['download'] = '';
            }

            $data['order_id'] = $order_info['order_id'];
            $data['date_added'] = date($language->get('date_format_short'), strtotime($order_info['date_added']));
            $data['payment_method'] = $order_info['payment_method'];
            $data['shipping_method'] = $order_info['shipping_method'];
            $data['email'] = $order_info['email'];
            $data['telephone'] = $order_info['telephone'];
            $data['ip'] = $order_info['ip'];

            $order_status_query = $this->db->query("SELECT * FROM " . DB_PREFIX . "order_status WHERE order_status_id = '" . (int)$order_info['order_status_id'] . "' AND language_id = '" . (int)$order_info['language_id'] . "'");

            if ($order_status_query->num_rows) {
                $data['order_status'] = $order_status_query->row['name'];
            } else {
                $data['order_status'] = '';
            }

                $data['comment'] = '';

                if ($order_info['payment_address_format']) {
                    $format = $order_info['payment_address_format'];
                } else {
                    $format = '{firstname} {lastname}' . "\n" . '{company}' . "\n" . '{address_1}' . "\n" . '{address_2}' . "\n" . '{city} {postcode}' . "\n" . '{zone}' . "\n" . '{country}';
                }

                $find = array(
                    '{firstname}',
                    '{lastname}',
                    '{company}',
                    '{address_1}',
                    '{address_2}',
                    '{city}',
                    '{postcode}',
                    '{zone}',
                    '{zone_code}',
                    '{country}'
                );

                $replace = array(
                    'firstname' => $order_info['payment_firstname'],
                    'lastname' => $order_info['payment_lastname'],
                    'company' => $order_info['payment_company'],
                    'address_1' => $order_info['payment_address_1'],
                    'address_2' => $order_info['payment_address_2'],
                    'city' => $order_info['payment_city'],
                    'postcode' => $order_info['payment_postcode'],
                    'zone' => $order_info['payment_zone'],
                    'zone_code' => $order_info['payment_zone_code'],
                    'country' => $order_info['payment_country']
                );

                $data['payment_address'] = str_replace(array("\r\n", "\r", "\n"), '<br />', preg_replace(array("/\s\s+/", "/\r\r+/", "/\n\n+/"), '<br />', trim(str_replace($find, $replace, $format))));

                if ($order_info['shipping_address_format']) {
                    $format = $order_info['shipping_address_format'];
                } else {
                    $format = '{firstname} {lastname}' . "\n" . '{company}' . "\n" . '{address_1}' . "\n" . '{address_2}' . "\n" . '{city} {postcode}' . "\n" . '{zone}' . "\n" . '{country}';
                }

                $find = array(
                    '{firstname}',
                    '{lastname}',
                    '{company}',
                    '{address_1}',
                    '{address_2}',
                    '{city}',
                    '{postcode}',
                    '{zone}',
                    '{zone_code}',
                    '{country}'
                );

                $replace = array(
                    'firstname' => $order_info['shipping_firstname'],
                    'lastname' => $order_info['shipping_lastname'],
                    'company' => $order_info['shipping_company'],
                    'address_1' => $order_info['shipping_address_1'],
                    'address_2' => $order_info['shipping_address_2'],
                    'city' => $order_info['shipping_city'],
                    'postcode' => $order_info['shipping_postcode'],
                    'zone' => $order_info['shipping_zone'],
                    'zone_code' => $order_info['shipping_zone_code'],
                    'country' => $order_info['shipping_country']
                );

                $data['shipping_address'] = str_replace(array("\r\n", "\r", "\n"), '<br />', preg_replace(array("/\s\s+/", "/\r\r+/", "/\n\n+/"), '<br />', trim(str_replace($find, $replace, $format))));

                $this->load->model('tool/upload');

                // Products
                $data['products'] = array();

                foreach ($order_products as $order_product) {
                    $option_data = array();

                    $order_options = $this->model_checkout_order->getOrderOptions($order_info['order_id'], $order_product['order_product_id']);

                    foreach ($order_options as $order_option) {
                        if ($order_option['type'] != 'file') {
                            $value = $order_option['value'];
                        } else {
                            $upload_info = $this->model_tool_upload->getUploadByCode($order_option['value']);

                            if ($upload_info) {
                                $value = $upload_info['name'];
                            } else {
                                $value = '';
                            }
                        }

                        $option_data[] = array(
                            'name' => $order_option['name'],
                            'value' => (utf8_strlen($value) > 20 ? utf8_substr($value, 0, 20) . '..' : $value)
                        );
                    }

                    $data['has_serialkeys'] = 0;
                    $data['has_downloadlink'] = 0;

                    $serialkeys = '';

                    $s_query = $this->db->query("SELECT * FROM " . DB_PREFIX . "order_serialkey WHERE order_id='" . (int)$order_info['order_id'] . "' AND order_product_id='" . (int)$order_product['product_id'] . "'");

                    if($s_query->num_rows) {
                        $temp = array();
                        foreach($s_query->rows as $row) {
                            $temp[] = $row['serialkey'];
                            $data['has_serialkeys']++;
                        }
                        $serialkeys = 'key#: ' . implode('<br/>' , $temp);
                    }

                    $downloadlink = '';

                    $d_query = $this->db->query("SELECT * FROM " . DB_PREFIX . "order_downloadlink WHERE order_id='" . (int)$order_info['order_id'] . "' AND order_product_id='" . (int)$order_product['product_id'] . "'");

                    if($d_query->num_rows) {
                        $downloadlink = $d_query->row['downloadlink'];
                        $data['has_downloadlink']++;
                    }

                    $data['products'][] = array(
                        'name' => $order_product['name'],
                        'model' => $order_product['model'],
                        'option' => $option_data,
                        'quantity' => $order_product['quantity'],
                        'price' => $this->currency->format($order_product['price'] + ($this->config->get('config_tax') ? $order_product['tax'] : 0), $order_info['currency_code'], $order_info['currency_value']),
                        'total' => $this->currency->format($order_product['total'] + ($this->config->get('config_tax') ? ($order_product['tax'] * $order_product['quantity']) : 0), $order_info['currency_code'], $order_info['currency_value']),
                        'serialkeys' => $serialkeys,
                        'downloadlink' => $downloadlink,
                    );
                }

                // Vouchers
                $data['vouchers'] = array();

                $order_vouchers = $this->model_checkout_order->getOrderVouchers($order_info['order_id']);

                foreach ($order_vouchers as $order_voucher) {
                    $data['vouchers'][] = array(
                        'description' => $order_voucher['description'],
                        'amount' => $this->currency->format($order_voucher['amount'], $order_info['currency_code'], $order_info['currency_value']),
                    );
                }

                // Order Totals
                $data['totals'] = array();

                $order_totals = $this->model_checkout_order->getOrderTotals($order_info['order_id']);

                foreach ($order_totals as $order_total) {
                    $data['totals'][] = array(
                        'title' => $order_total['title'],
                        'text' => $this->currency->format($order_total['value'], $order_info['currency_code'], $order_info['currency_value']),
                    );
                }

                $this->load->model('setting/setting');

                $from = $this->model_setting_setting->getSettingValue('config_email', $order_info['store_id']);

                if (!$from) {
                    $from = $this->config->get('config_email');
                }

                $mail = new Mail($this->config->get('config_mail_engine'));
                $mail->parameter = $this->config->get('config_mail_parameter');
                $mail->smtp_hostname = $this->config->get('config_mail_smtp_hostname');
                $mail->smtp_username = $this->config->get('config_mail_smtp_username');
                $mail->smtp_password = html_entity_decode($this->config->get('config_mail_smtp_password'), ENT_QUOTES, 'UTF-8');
                $mail->smtp_port = $this->config->get('config_mail_smtp_port');
                $mail->smtp_timeout = $this->config->get('config_mail_smtp_timeout');

                $mail->setTo($order_info['email']);
                $mail->setFrom($from);
                $mail->setSender(html_entity_decode($order_info['store_name'], ENT_QUOTES, 'UTF-8'));
                $mail->setSubject(html_entity_decode(sprintf($language->get('text_subject'), $order_info['store_name'], $order_info['order_id']), ENT_QUOTES, 'UTF-8'));
                $mail->setHtml($this->load->view('mail/order_add', $data));
                $mail->send();

                $json['success'] = 1;
            }

        $this->response->addHeader('Content-Type: application/json');
        $this->response->setOutput(json_encode($json));
    }
			]]></add>
		</operation>
	</file>
	<file path="catalog/model/catalog/product.php">
		<operation>
			<search><![CDATA[
			'viewed'           => $query->row['viewed']
			]]></search>
			<add position="replace"><![CDATA[
			'viewed'           => $query->row['viewed'],

				'saleserials'      => $query->row['saleserials'],

				'templates_products' => $query->row['templates_products']
				]]></add>
		</operation>
	</file>
	<file path="catalog/model/checkout/order.php">
		<operation>
			<search offset="-1"><![CDATA[
			$this->db->query("UPDATE `" . DB_PREFIX . "order` SET order_status_id = '" . (int)$order_status_id . "', date_modified = NOW() WHERE order_id = '" . (int)$order_id . "'");
			]]></search>
			<add position="before"><![CDATA[
			// downloadlinks
			if (!in_array($order_info['order_status_id'], $this->config->get('config_complete_status')) && in_array($order_status_id, $this->config->get('config_complete_status'))) {
				$order_products = $this->getOrderProducts($order_id);

				foreach ($order_products as $order_product) {
					$order_product_downloadlinks_query = $this->db->query("SELECT pd.name, p.product_id, d.downloadlink_id, d.downloadlink FROM " . DB_PREFIX . "product p LEFT JOIN " . DB_PREFIX . "downloadlinks d ON d.product_id=p.product_id LEFT JOIN " . DB_PREFIX . "product_description pd ON d.product_id=pd.product_id WHERE p.product_id = '" . (int)$order_product['product_id'] . "' AND p.saledownloadlinks='Y' AND d.language_id='" . (int)$order_info['language_id'] . "' ORDER BY d.downloadlink_id");
					$order_downloadlink_check = $this->db->query("SELECT * FROM " . DB_PREFIX . "order_downloadlink WHERE order_id='" . (int)$order_id . "' AND order_product_id='" . (int)$order_product['product_id'] . "'");
					if ($order_product_downloadlinks_query->num_rows && !$order_downloadlink_check->num_rows) {
						$downloadlinks = $order_product_downloadlinks_query->row;
						$this->db->query("INSERT INTO " . DB_PREFIX . "order_downloadlink SET order_id = '" . (int)$order_id . "', order_product_id = '" . (int)$order_product['product_id'] . "', productname = '" . $this->db->escape($downloadlinks['name']) . "', downloadlink = '" . $this->db->escape($downloadlinks['downloadlink']) . "'");
					}
				}
			$this->sendmailkey($order_id);
			}
				]]></add>
		</operation>
		<operation>
			<search><![CDATA[
public function addOrderHistory($order_id, $order_status_id, $comment = '', $notify = false, $override = false) {
			]]></search>
			<add position="before"><![CDATA[
	public function sendmailkey($order_id) {

		$this->load->language('mail/order_add');
		$this->load->model('catalog/product');

		$order = $this->getOrder($order_id);

		$data['email'] = $order['email'];
		$data['language_id'] = $order['language_id'];

		$currency = $order['currency_code'];

		$data['products'] = array();

		$order_products_query = $this->getOrderProducts($order_id);
		$order_products = array();
		$product_ids = array();
		foreach ($order_products_query as $product) {
			if (!in_array($product['product_id'], $product_ids)) {
				$order_products[] = $product;
			}
			array_push($product_ids, $product['product_id']);
		}

		$serialkeys = array();
		foreach($order_products as $order_product) {
			$keysquery = $this->db->query("SELECT * FROM " . DB_PREFIX . "order_serialkey WHERE order_id='" . (int)$order_id . "' AND order_product_id='" . $order_product['product_id'] . "'")->rows;
			foreach ($keysquery as $key){
				if(!in_array($key, $serialkeys))
				$serialkeys[] = $key;
			}
		}

		$sk_ids = array();
		foreach ($serialkeys as $serialkey) {
			foreach ($order_products as $product) {
				if ($product['product_id'] == $serialkey['order_product_id'] && !in_array($serialkey['serialkey'],$sk_ids)) {
					if ($serialkey['serialkey']){
						$price = $product['price'];
						if (isset($data['products'][$product['product_id']])) {
							$data['products'][$product['product_id']] .= $serialkey['serialkey'] . "<br/>";
						} else {
							$data['products'][$product['product_id']] = $serialkey['productname'] . "  " . $this->currency->format($price, $currency) . " <br/><br/> " . $serialkey['serialkey'] . "<br/>";
						}
					} else {
						$data['products'][$product['product_id']] = '';
					}
					array_push($sk_ids, $serialkey['serialkey']);
				}
			}
		}

        $serialnumbers = '';

		foreach ($order_products as $product) {

			$product_info = $this->model_catalog_product->getProduct($product['product_id']);

			if ($product_info['saleserials'] == "Y" && $data['products'][$product['product_id']] != '') {
				if ($product_info['templates_products'] == 1) {
					$query = $this->db->query("SELECT * FROM " . DB_PREFIX . "products_templates_description WHERE id='1'");
				} else {
					$templates_products = $product_info['templates_products'];
					$query = $this->db->query("SELECT * FROM " . DB_PREFIX . "products_templates_description WHERE id='" . (int)$templates_products . "' AND language_id='" . (int)$data['language_id'] . "'");
				}
				if ($query->num_rows) {
                    $template_description = $query->row['description'];
                    $serialnumbers .= $data['products'][$product['product_id']];

					$downloadlink = '';
					$q_download = $this->db->query("SELECT * FROM " . DB_PREFIX . "order_downloadlink WHERE order_product_id='" . (int)$product['product_id'] . "' AND order_id='" . (int)$order_id . "'");
					if ($q_download->num_rows && $q_download->row['downloadlink'] != '') {
						$downloadlink .= '<a href="' . $q_download->row['downloadlink'] . '" target="_blank">' . $q_download->row['productname'] . '</a>';
					}
                    //$template_description = str_replace('{download_link}', $downloadlink, $template_description). "<br/><br/>";
				} else {
					$error = $this->language->get('template_not_found');
				}
			}
			if ($downloadlink = '') {
				$serialnumbers .= "<br/>";
			} else {
				$serialnumbers .= $downloadlink . "<br/>";
            }
		}

        $message_body = str_replace('{serial_number_or_link}', "Order id : " . $order_id . "<br/><br/>" . $serialnumbers, $template_description);
        $subject = sprintf($this->language->get('serialkeys_for'), $order_id);

        $html = "<!doctype html><head><meta http-equiv='Content-Type' content='text/html; charset=utf-8'></head><body>";
        $html .= html_entity_decode($message_body);
        $html .= "</body></html>";

        $mail = new Mail($this->config->get('config_mail_engine'));
        $mail->protocol = $this->config->get('config_mail_protocol');
        $mail->parameter = $this->config->get('config_mail_parameter');
        $mail->smtp_hostname = $this->config->get('config_mail_smtp_hostname');
        $mail->smtp_username = $this->config->get('config_mail_smtp_username');
        $mail->smtp_password = html_entity_decode($this->config->get('config_mail_smtp_password'), ENT_QUOTES, 'UTF-8');
        $mail->smtp_port = $this->config->get('config_mail_smtp_port');
        $mail->smtp_timeout = $this->config->get('config_mail_smtp_timeout');

        $mail->setTo($data['email']);
        $mail->setFrom($this->config->get('config_email'));
        $mail->setSender(html_entity_decode($order['store_name'], ENT_QUOTES, 'UTF-8'));
        $mail->setSubject(html_entity_decode($subject, ENT_QUOTES, 'UTF-8'));
        $mail->setHtml($html);
        $mail->send();
	}
			]]></add>
		</operation>
	</file>
</modification>

