<?xml version="1.0" encoding="utf-8"?>
<!--index dimulai dari 0, offset dimulai dari 1-->
<modification>
  <code>Add_Option_Model_on_Invoice</code>
  <name>Add Option Model on Invoice</name>
  <version>1.0</version>
  <author>farid</author>
  <link>mail:opencartplugin@gmail.com</link>
  <file path="admin/controller/sale/order.php">
    <operation>
      <search><![CDATA[$value = $option['value'];]]></search>
      <add position="after">
        <![CDATA[$model = $option['model']; //frd]]>
      </add>
    </operation>
    <operation>
      <search><![CDATA['value' => $value]]></search>
      <add position="after">
        <![CDATA[,'model' => isset($model) ? $model : '' //frd]]>
      </add>
    </operation>
    <operation>
      <search><![CDATA[$option_weight = '';]]></search>
      <add position="replace">
        <![CDATA[$option_weight = 0; //frd]]>
      </add>
    </operation>

  </file> 
  <file path="admin/view/template/sale/order_shipping.twig">
    <operation>
      <search><![CDATA[&nbsp;<small> - {{ option.name }}: {{ option.value }}</small>]]></search>
      <add position="replace"><![CDATA[&nbsp;<small> - {{ option.name }}: {{ option.value }}<!--frd--><br>&nbsp;&nbsp;&nbsp;&nbsp;{{option.model }}<!--frd--></small>]]></add>
    </operation>
  </file>
  <file path="admin/view/template/sale/order_invoice.twig">
    <operation>
      <search><![CDATA[&nbsp;<small> - {{ option.name }}: {{ option.value }}</small>]]></search>
      <add position="replace"><![CDATA[&nbsp;<small> - {{ option.name }}: {{ option.value }}<!--frd--><br>&nbsp;&nbsp;&nbsp;&nbsp;{{option.model }}<!--frd--></small>]]></add>
    </operation>
  </file>

  <!--  
  <file path="">
    <operation>
      <search><![CDATA[]]></search>
      <add position="after"><![CDATA[]]></add>
    </operation>
  </file>
  -->  
</modification>
