<modification>
     <id>UPS 3.0-JOURNAL2-Patch</id>
    <name>UPS 3.0 JOURNAL2 Patch</name>
    <version>3.0</version>
    <author>esmsgatewaycom@gmail.com</author>
    <code>UPS-3.0-JOURNAL2-Patch</code>

    <file path="catalog/controller/module/journal2_custom_sections.php">
        <operation error="ignore">
            <search><![CDATA[foreach ($products as $product) {]]></search>
            <add position="before"><![CDATA[
                //UPS
                $this->load->model('catalog/sticker');
                $this->load->model('tool/stickerjournal');
                $this->load->model('setting/setting');
                $stickersetting = $this->model_setting_setting->getSetting('sticker', 0);
                $stickerstat = $stickersetting['sticker_status'];
                $stickerproc = $stickersetting['sticker_productexpros']; 
                $stickercache = $stickersetting['sticker_cache'];
                
                //END
            ]]>
            </add>
        </operation>
        <operation error="ignore">
            <search><![CDATA[$image = Journal2Utils::resizeImage($this->model_tool_image, $product['image'] ? $product['image'] : 'data/journal2/no_image_large.jpg', $this->data['image_width'], $this->data['image_height'], $this->data['image_resize_type']);]]></search>
            <add position="replace"><![CDATA[
                if ($stickerstat) {
                    $sticker = $this->model_catalog_sticker->getSticker($product['product_id']);

                    if (!empty($sticker)) {                     
                        //print_r($sticker);
                        $image = $this->model_tool_stickerjournal->resize($product['image'] ? $product['image'] : 'data/journal2/no_image_large.jpg', $this->data['image_width'], $this->data['image_height'], $sticker, $stickerproc, $this->data['image_resize_type'], $stickercache);
                    } else {
                        $image = Journal2Utils::resizeImage($this->model_tool_image, $product['image'] ? $product['image'] : 'data/journal2/no_image_large.jpg', $this->data['image_width'], $this->data['image_height'], $this->data['image_resize_type']);
                    }
                } else {
                    $image = Journal2Utils::resizeImage($this->model_tool_image, $product['image'] ? $product['image'] : 'data/journal2/no_image_large.jpg', $this->data['image_width'], $this->data['image_height'], $this->data['image_resize_type']);

                }
            ]]>
            </add>
        </operation>
    </file>

    <file path="catalog/controller/journal2/quickview.php">
        <operation error="ignore">
            <search><![CDATA[$data['thumb'] = $this->model_tool_image->resize($product_info['image'], $this->config->get('config_image_thumb_width'), $this->config->get('config_image_thumb_height'));]]></search>
            <add position="replace"><![CDATA[
                //UPS
                $this->load->model('catalog/sticker');
                $this->load->model('tool/sticker');
                $this->load->model('setting/setting');
                $stickersetting = $this->model_setting_setting->getSetting('sticker', 0);
                $stickerstat = $stickersetting['sticker_status'];
                $stickerproc = $stickersetting['sticker_productexpros']; 
                $stickercache = $stickersetting['sticker_cache'];
                
                if ($stickerstat) {
                    $sticker = $this->model_catalog_sticker->getSticker($data['product_id']);

                    if (!empty($sticker)) {                     
                        $data['thumb'] = $this->model_tool_sticker->resize($product_info['image'], $this->config->get('config_image_thumb_width'), $this->config->get('config_image_thumb_height'),$sticker, $stickerproc, $stickercache);
                    } else {
                        $data['thumb'] = $this->model_tool_image->resize($product_info['image'], $this->config->get('config_image_thumb_width'), $this->config->get('config_image_thumb_height'));
                    }
                } else {
                    $data['thumb'] = $this->model_tool_image->resize($product_info['image'], $this->config->get('config_image_thumb_width'), $this->config->get('config_image_thumb_height'));
                }


                //END
            ]]>
            </add>
        </operation>
    </file>


</modification>