{
    "codename": "d_event_manager",
    "version": "1.2.0",
    "name": "Event Manager (Depricated)",
    "description": "Manage your events and add Event support to old OC versions",
    "author": {
        "name": "Shopunity",
        "email": "info@shopunity.com",
        "url": "https://shopunity.net/"
    },
    "opencart_version": [
        "2.0.0.0",
        "2.0.1.0",
        "2.0.1.1",
        "2.0.2.0",
        "2.0.3.1",
        "2.1.0.1",
        "2.1.0.2",
        "2.2.0.0",
        "2.3.0.0",
        "2.3.0.1",
        "2.3.0.2"
    ],
    "type": "library",
    "license": {
        "type": "free",
        "url": "https://shopunity.net/licenses/free"
    },
    "support": {
        "email": "support@shopunity.com",
        "url": "https://shopunity.net/"
    },
    "required": {
        "d_opencart_patch": ">=1.0.0"
    },
    "files": [
        "system/mbooth/extension/d_event_manager.json",
        "system/library/d_shopunity/extension/d_event_manager.json",
        "system/library/d_shopunity/install/d_event_manager.xml",
        "system/d_event_manager.ocmod.xml",
        "admin/model/extension/module/d_event_manager.php",
        "admin/model/module/d_event_manager.php",
        "vqmod/xml/a_vqmod_d_event_manager.xml"
    ],
    "dirs":[
        "system/library/d_event_manager"
    ],
    "changelog": [
        {
            "version":"1.2.0",
            "change":"removed admin, new folder structure"
        },
        {
            "version":"1.1.4",
            "change": "Hotfix"
        },
        {
            "version":"1.1.3",
            "change": "Fix for 2.0.3.x and below"
        },
        {
            "version":"1.1.2",
            "change": "Fixes for old themes"
        },
        {
            "version":"1.1.1",
            "change": "Backwards comaptibility fixes"
        },
        {
            "version":"1.1.0",
            "change": "Added model method to install and uninstall compatibility"
        },
        {
            "version":"1.0.7",
            "change": "minor bug fix."
        },
        {
            "version":"1.0.6",
            "change": "hotfix."
        },
        {
            "version":"1.0.5",
            "change": "Renamed ocmod file name to d_event_manager."
        },
        {
            "version":"1.0.4",
            "change": "Hot fix: remove FB."
        },
        {
            "version":"1.0.3",
            "change": "Hot fix: admin filter bug."
        },
        {
            "version":"1.0.2",
            "change": "Hot fix: location catalog & admin, output validated in view."
        },
        {
            "version":"1.0.1",
            "change": "Hot fix"
        },
        {
            "version":"1.0.0",
            "change": "First release"
        }
    ]
}