<modification>
	<id></id>
	<name>Special Purchased</name>
	<code>ocmod_specialpurchased</code>
	<version>1.0.3</version>
	<author>Kavita (office@focusindia.com)</author>
	<link></link>
	<file path="admin/controller/common/column_left.php">
		<operation>
			<search  index="0"><![CDATA[if ($report_sale) {]]></search>
			<add position="before"><![CDATA[
				if ($this->user->hasPermission('access', 'report/sale_specials')) {	
				$report_sale[] = array(
					'name'	   => $this->language->get('text_sale_specials'),
					'href'     => $this->url->link('report/sale_specials', 'token=' . $this->session->data['token'], true),
					'children' => array()		
				);	
			} 
]]></add>
		</operation>
	</file>
	<file path="admin/language/*/common/column_left.php">
		<operation>
			<search  index="0"><![CDATA[$_['text_other_status']              = 'Other Statuses'; ]]></search>
			<add position="before"><![CDATA[$_['text_sale_specials']              = 'Special Purchased';                       
]]></add>
		</operation>
	</file>
</modification>