<modification>
	<id></id>
	<name>Sage Export</name>
	<code>ocmod_sageexport</code>
	<version>1.0.3</version>
	<author>Kavita (office@focusindia.com)</author>
	<link></link>
	<file path="admin/controller/common/column_left.php">
		<operation>
			<search  index="0"><![CDATA[if ($this->user->hasPermission('access', 'sale/recurring')) {]]></search>
			<add position="before"><![CDATA[
				if ($this->user->hasPermission('access', 'sale/sage_export')) {	
				$sale[] = array(
					'name'	   => $this->language->get('text_sage_export'),
					'href'     => $this->url->link('sale/sage_export', 'token=' . $this->session->data['token'], true),
					'children' => array()		
				);	
			} 
]]></add>
		</operation>
	</file>
	<file path="admin/language/*/common/column_left.php">
		<operation>
			<search  index="0"><![CDATA[$_['text_other_status']              = 'Other Statuses'; ]]></search>
			<add position="after"><![CDATA[$_['text_sage_export']              = 'Sage Export';                       
]]></add>
		</operation>
	</file>
</modification>