<?xml version="1.0" encoding="UTF-8"?>

<modification>

	<id>Advanced Smart Search</id>
	<version>4.5.0</version>
	<vqmver>2.6.1+</vqmver>
	<author>Frank - francesco1279@gmail.com - Leverod.com</author>


<!-- System -->
		
	<file name="system/startup.php">
		<operation error="log" >
			<search position="after" ><![CDATA[error_reporting(]]></search>
			<add><![CDATA[	

			// Advanced Smart Search

			require_once(DIR_SYSTEM . 'adsmart_search.php');	
				
			// END Advanced Smart Search
			
			]]></add>
		</operation>
	</file>
	
<!-- End System -->

<!-- Admin -->

	<!-- Install/Uninstall support for Oc >= 2.3.0.2 -->
	
	<file name="admin/controller/extension/extension/module.php" error="skip">
	
		<!-- Install -->
			<operation error="skip">
				<!-- Clean calls from other vQmod scripts -->
				<search position="replace"><![CDATA[$this->load->controller('module/' . $this->request->get['extension'] . '/install');]]></search>
				<add><![CDATA[
				]]></add>
			</operation>
			<operation error="log">
				<search position="after"><![CDATA[$this->load->controller('extension/module/' . $this->request->get['extension'] . '/install');]]></search>
				<add><![CDATA[
				// Oc <= 2.2.0.0 modules
				$this->load->controller('module/' . $this->request->get['extension'] . '/install');
				]]></add>
			</operation>	

		<!-- Uninstall -->
			<operation error="skip">
				<!-- Clean calls from other vQmod scripts -->
				<search position="replace"><![CDATA[$this->load->controller('module/' . $this->request->get['extension'] . '/uninstall');]]></search>
				<add><![CDATA[
				]]></add>
			</operation>
			<operation error="log">
				<search position="after"><![CDATA[$this->load->controller('extension/module/' . $this->request->get['extension'] . '/uninstall');]]></search>
				<add><![CDATA[
				// Oc <= 2.2.0.0 modules
				$this->load->controller('module/' . $this->request->get['extension'] . '/uninstall');
				]]></add>
			</operation>		
	</file>	

<!-- End Admin -->



<!-- Catalog -->
	
	<!-- Controller (catalog) -->
	
		<file name="catalog/controller/common/header.php">
			<operation >
				<search position="after" ><![CDATA[function index() {]]></search>
				<add><![CDATA[
				
				
				// Js Library (Required for loading cookie + base64 functions)
				$this->document->addScript('leverod/view/javascript/leverod.js');

				
				// Advanced Smart Search
				
				// Live Search Js and CSS (js.php & css.php)
				
				if ($this->config->get('adsmart_search_dropdown_enabled')) {
					require_once(DIR_APPLICATION . 'view/adsmart_search/inc.adsmart_search_js_css.php');
				}
				
				// END Advanced Smart Search

				]]></add>
			</operation>		
		</file>	
	

		<file name="catalog/controller/product/search.php">
		

			<!-- Add new sort orders-->
			<operation>
				<search position="after" offset="1"><![CDATA['href'  => $this->url->link('product/search', 'sort=p.sort_order&order=ASC' . $url)]]></search>
				<add><![CDATA[

		// Advanced Smart Search - Relevance
				
				// Get the texts for the new types of sort orders 
				$text_relevance = $this->config->get('adsmart_search_translation_txt_relevance');
				
				$data['sorts'][] = array(
					'text'  =>	$text_relevance[(int)$this->config->get('config_language_id')],
					'value' =>	'relevance-DESC',
					'href'  =>	$this->url->link('product/search', 'sort=relevance' . $url)
				);
				
		// End
				
				]]></add>
			</operation>	
			

			<operation>
				<search position="after" offset="1"><![CDATA['href'  => $this->url->link('product/search', 'sort=p.model&order=DESC' . $url)]]></search>
				<add><![CDATA[

		
		// Advanced Smart Search 
		
			// Date Added Asc/Desc
				
				// Get the texts for the new types of sort orders 
				$text_date_desc = $this->config->get('adsmart_search_translation_txt_date_desc');
				$text_date_asc  = $this->config->get('adsmart_search_translation_txt_date_asc');
				

				$data['sorts'][] = array(
					'text'  =>	$text_date_desc[(int)$this->config->get('config_language_id')],
					'value' =>	'p.date_added-DESC',
					'href'  =>	$this->url->link('product/search', 'sort=p.date_added&order=DESC' . $url)	
				);
					
				$data['sorts'][] = array(
					'text'  =>	$text_date_asc[(int)$this->config->get('config_language_id')],
					'value' =>	'p.date_added-ASC',
					'href'  =>	$this->url->link('product/search', 'sort=p.date_added&order=ASC' . $url)	
				);
				
				// On Oc < 2 the array $data is $this->data
				if (version_compare(VERSION, '1.5.6.4', '<=')) {
			
					$this->data['sorts'] = array_merge($this->data['sorts'], $data['sorts']);  
				}
			
			
			// Relevance	
			
				if (version_compare(VERSION, '1.5.6.4', '<=')) {
			
					$this->data['adsmart_search_relevance'] = $this->config->get('adsmart_search_relevance');  
				} else {
					$data['adsmart_search_relevance'] = $this->config->get('adsmart_search_relevance');
				}
				
		// End
			
				]]></add>
			</operation>	

			
			<!-- 
			1) Change the search page default sort with the sort type selected from the control panel 
			2) Add the model catalog/adsmart_search
			-->
			<operation>
				<search position="after"><![CDATA[public function index() {]]></search>
				<add><![CDATA[
				
					// Get the sort order:		
					$sort_order = explode('-', $this->config->get('adsmart_search_sort_order'));
					
					// Add the model adsmart_search
					$this->load->model('catalog/adsmart_search');

				]]></add>
			</operation>
			<operation>
				<search position="replace"><![CDATA[$sort = 'p.sort_order';]]></search>
				<add><![CDATA[
				
					$sort		= isset($sort_order[0]) ? $sort_order[0] : 'p.sort_order';
				
				]]></add>
			</operation>			
			<!-- Change the search page default order with the order type selected from the control panel -->
			<operation>
				<search position="replace"><![CDATA[$order = 'ASC';]]></search>
				<add><![CDATA[
				
					$order		= isset($sort_order[1]) ? $sort_order[1] : 'ASC';
				
				]]></add>
			</operation>	
			
			
			<!-- Rename the variable $data (On <= 1.5.6.4 to $filter_data because $data is reserved for other purpuses  -->
			<operation error="skip" >
				<search position="replace" ><![CDATA[$data = array(]]></search>
				<add><![CDATA[$filter_data = array(]]></add>
			</operation>	
			<operation error="skip" >
				<search position="replace" ><![CDATA[Products($data)]]></search>
				<add><![CDATA[Products($filter_data)]]></add>
			</operation>
			
			
			<!-- get the product total from a registry variable -->
			<operation>
				<search position="replace" ><![CDATA[$product_total = $this->model_catalog_product->getTotalProducts($filter_data);]]></search>
				<add><![CDATA[]]></add>
			</operation>	
			
			
			<operation> <!-- See Changelog v4.2.0 -->
				<search position="after" ><![CDATA[$results = $this->model_catalog_product->getProducts($filter_data);]]></search>
				<add><![CDATA[$product_total = $this->registry->get('product_total')? $this->registry->get('product_total') : $this->model_catalog_product->getTotalProducts($filter_data);]]></add>	
			</operation>
		

			
			<operation>
				<search position="replace" ><![CDATA[$results = $this->model_catalog_product->getProducts($filter_data);]]></search>
				<add><![CDATA[
				
				// Set the current customer group id
				if ($this->customer->isLogged()) {

					if ( version_compare(VERSION, '2.0.0.0', '>=') ) {
						$customer_group_id = $this->customer->getGroupId(); // Oc >= 2.0.0.0
					} else {
						$customer_group_id = $this->customer->getCustomerGroupId(); // Oc <= 1.5.6.4
					}
					
				} else {
					$customer_group_id = $this->config->get('config_customer_group_id');
				}
			
				$filter_data['customer_group_id'] = $customer_group_id;
					 
				
				// 1)	All the searches (like "search by tag") that don't involve the variables "filter_name" (OC < 1.5.5) / "search" (OC >= 1.5.5) 
				//		must be performed with the default method. Note: I have modified the script search.php to include both the variables
				//		get['search'] and get['filter_name'] (they contain the same value).
				//
				// 2)	The variable mfp is set by the extension Mega Filter Pro. If that variable is present, we use the standard Opencart search.
				
				
				if (isset($this->request->get['search']) && !isset($this->request->get['mfp']) ) {
				
					$results = $this->model_catalog_adsmart_search->getProducts($filter_data);	// change the default method																				// with $this->model_catalog_adsmart_search->getProducts
				}
				else {
					$results = $this->model_catalog_product->getProducts($filter_data);
				}
				]]></add>	
			</operation>
			
			
			<operation>
				<search position="before" ><![CDATA[public function index() {]]></search>
				<add><![CDATA[

				
					public function autocomplete() {
						$json = array();

					
						if (isset($this->request->get['filter_name'])) {
							
							$this->load->model('catalog/adsmart_search');
							

							$filter_name = $this->request->get['filter_name']; // posted by the ajax request
							
							$filter_description = 'false'; // used a string instead of a pure boolean to avoid 
														   // converting this var into boolean in all the other scripts 
														   // that make use of it
							$adsmart_search_relevance = $this->config->get('adsmart_search_relevance');
							if (isset($adsmart_search_relevance['description'])){
								$filter_description = 'true';
							}
							
							
							// Set the current customer group id
							if ($this->customer->isLogged()) {
			
								if ( version_compare(VERSION, '2.0.0.0', '>=') ) {
									$customer_group_id = $this->customer->getGroupId(); // Oc >= 2.0.0.0
								} else {
									$customer_group_id = $this->customer->getCustomerGroupId(); // Oc <= 1.5.6.4
								}
								
							} else {
								$customer_group_id = $this->config->get('config_customer_group_id');
							}
							

							// Get the sort order:
							
							$sort_order = explode('-', $this->config->get('adsmart_search_sort_order'));
							$sort		= isset($sort_order[0]) ? $sort_order[0] : '';
							$order		= isset($sort_order[1]) ? $sort_order[1] : '';
	
							$start	= 0;
							
							
							// The maximum number of displayed results can be dynamically modified from the admin control panel,
							// in that case the parameter 'admin_dropdown_limit' is posted to this function, otherwise the limit
							// is read from the database.
							
							if (isset ($this->request->get['admin_dropdown_limit'])) {
								$limit = $this->request->get['admin_dropdown_limit'];
							}
							else {
								$limit = $this->config->get('adsmart_search_dropdown_max_num_results');
							}
							
					
							$filter_data = array(
							
								'live_search'			=> true, // this flag tells if the request comes from the Live Search
								'store_id'				=> $this->config->get('config_store_id'), // Multi Store Support: get where the current search is coming from (added in v4.0)
								'language_id'			=> $this->config->get('config_language_id'), // Multi Language Support (added in v4.0)
								'customer_group_id'		=> $customer_group_id,
								'filter_name'			=> $filter_name,
								'filter_tag'			=> '',
								'filter_description'	=> $filter_description,
								'filter_category_id'	=> 0,
								'filter_sub_category'	=> '',
							//	'filter_manufacturer_id'=> '',
								'sort'					=> $sort,
								'order'					=> $order,
								'start'					=> $start,
								'limit'					=> $limit
							);
							
							
							$products = $this->model_catalog_adsmart_search->getProducts($filter_data);
							
							$this->load->model('tool/image');
							
							if ($this->config->get('adsmart_search_dropdown_img_size') !=''){
								$img_width = $this->config->get('adsmart_search_dropdown_img_size');
							}
							else {
								$img_width = 38;
							}
							
							
							foreach ($products as $product) {

								if ($product) {
									if ($product['image']) {
										

									//Enable this code if you want a perfect resizing, without white spaces:
									/*			
										$img_info = getimagesize(DIR_IMAGE.$product['image']); // returns an array of values, $img_info[0] is the width, $img_info[1] is the height
										$h_w_ratio = $img_info[1] / $img_info[0];
										$img_height = round($img_width * $h_w_ratio);
										$image = $this->model_tool_image->resize($product['image'], $img_width, $img_height);
									*/
									
									//  Comment this line if the above code is not commented:
										$image = $this->model_tool_image->resize($product['image'], $img_width, $img_width);
										
									} else {
									
										$image = $this->model_tool_image->resize('img_not_found.gif', $img_width, $img_width);
									}

									
									// $this->config->get('config_customer_price') is the flag under System -> Settings -> Tab Options -> Account
									// (Only show prices when a customer is logged in)
									
									if (($this->config->get('config_customer_price') && $this->customer->isLogged()) || !$this->config->get('config_customer_price')) {
										$price = $this->currency->format($this->tax->calculate($product['price'], $product['tax_class_id'], $this->config->get('config_tax')), $this->session->data['currency']);
									} else {
										$price = '';
									}
									
									if ( (float)$product['special'] && (($this->config->get('config_customer_price') && $this->customer->isLogged()) || !$this->config->get('config_customer_price')) ) {
										$special = $this->currency->format($this->tax->calculate($product['special'], $product['tax_class_id'], $this->config->get('config_tax')), $this->session->data['currency']);
									} else {
										$special = '';
									}
									
									if ($this->config->get('config_review_status')) {
										$rating = $product['rating'];
									} else {
										$rating = false;
									}
									
									$json[] = array(
										'product_id' => $product['product_id'],
										'image'   	 => $image,
										'name'       => strip_tags(html_entity_decode($product['name'], ENT_QUOTES, 'UTF-8')),	
										'model'		 => $product['model'],
										'price'   	 => $price,
										'special' 	 => $special,
										'option'     => '',
										'rating'     => $rating,
										'reviews'    => sprintf($this->language->get('text_reviews'), (int)$product['reviews']),
										'href'    	 => $this->url->link('product/product', 'product_id=' . $product['product_id'])	
									);
								}
							}
						}
		
		
						// Add debug info
						if (ADSMART_SRC_DEBUG || ADSMART_SRC_DEBUG_SHOW_SQL || ADSMART_SRC_SPEED_TEST ) {
							
							$json[] = array(
								'debug' => $_SESSION['adsmart_src_debug'],
							);						
						}					
						$this->response->setOutput(json_encode($json));
					}

				]]></add>
			</operation>		
		
			<!-- 
			The "filter_tag" was renamed to "tag" from OC 1.5.5. However the versions 1.5.5, 1.5.5.1, 1.5.6 have this bug: 
			The line

			if (isset($this->request->get['search']) || isset($this->request->get['filter_tag'])) { 
			
			still uses the old variable name filter_tag. The following vqmod adds both variables to the script and
			assigns to them the same value. I didn't make a replacement because the next OC releases will remove one of the 
			two variables and I don't know which one will be deleted. The same operation must be made for the following 
			filters:
			
			OC < 1.5.5				OC >= 1.5.5           
			
			filter_name				search
			filter_description		description
			filter_category_id		category_id
			filter_sub_category		sub_category
			
			-->
			
			<operation>
				<search position="after" ><![CDATA[$this->load->model('tool/image');]]></search>
				<add><![CDATA[
				
				$filters= array(
				
					'filter_name'			=>	'search',
					'filter_tag'			=>	'tag',
					'filter_description'	=>	'description',
					'filter_category_id'	=>	'category_id',
					'filter_sub_category'	=>	'sub_category'
				);

				foreach ($filters as $old => $new){

					if (isset($this->request->get[$old])) {
						$this->request->get[$new] = $this->request->get[$old];
					} 
					if (isset($this->request->get[$new])) {
						$this->request->get[$old] = $this->request->get[$new];
					} 
				}

				]]></add>
			</operation>
			
			
			
			<!--
				
				From Oc 1.5.1.3.1 the "filter_tag" (called "tag" from Oc 1.5.5) was set from the "filter_name" ("search" from Oc 1.5.5) value
				if $this->request->get['filter_tag']) was not set. Advanced Smart Search controls the Tag from the back end, This feature breaks up the flag
				
				
				Opencart <= to 1.5.1.2: (These versions don't need any modification)
				
				if (isset($this->request->get['filter_tag'])) {
					$filter_tag = $this->request->get['filter_tag'];
				} else {
					$filter_tag = '';
				} 
				
				Versisons that need to be modified:
				
				
			Opencart >= 1.5.1.3.1 and < 1.5.5:
				
				if (isset($this->request->get['filter_tag'])) {
					$filter_tag = $this->request->get['filter_tag'];
				} elseif (isset($this->request->get['filter_name'])) {		(1)
					$filter_tag = $this->request->get['filter_name'];			*****     Line we don't want    *****
				} else {
					$filter_tag = '';
				} 
				
				
				Opencart >= 1.5.5:
				
				if (isset($this->request->get['tag'])) {
					$tag = $this->request->get['tag'];
				} elseif (isset($this->request->get['search'])) {			(2)
					$tag = $this->request->get['search'];						*****     Line we don't want    *****
				} else {
					$tag = '';
				} 
			
			*******	
				
			New: With a regex substitution the lines (1) and (2) become:
				
				****
				} elseif (false) {
				****
				
				
				For Oc < 1.5.5:
				
				if (isset($this->request->get['filter_tag'])) {
					$filter_tag = $this->request->get['filter_tag'];
				} elseif (false) {											Line added by vQmod
					$filter_tag = $this->request->get['filter_name'];			*****     now is always skipped    *****
				} else {
					$filter_tag = '';
				}
				
				For Oc >= 1.5.5:
				
				if (isset($this->request->get['tag'])) {
					$tag = $this->request->get['tag'];
				} elseif (false) {											Line added by vQmod
					$tag = $this->request->get['search'];						*****     now is always skipped    *****
				} else {
					$tag = '';
				} 

			-->
			
			<operation>
				<search position="replace" regex="true" ><![CDATA[/[}] elseif [(]isset[(][$]this[-][>]request[-][>]get[[]'(search)?(filter_name)?'[]][)][)] [{]/]]></search>
				<add><![CDATA[
				} elseif (false) {
				]]></add>
			</operation>
				
		</file>	
	
	<!-- End Controller (catalog) -->
	
	

	<!-- Template (catalog) -->
	
	
		<!-- OC >= 1.5.5 - checkbox "Filter description" - $description -->
		
		<!-- Checkbox "Filter description" - add the value "false"
		
		Now the checkbox has two values, "true" and "false" so we know when
		the page has loaded for the first time, in this case the flag value 
		is unset and we can set it according to the value of the control panel
		option $adsmart_search_relevance['description'].
		
		 ______________________________________________________________________________________
		| $adsmart_search_relevance['description']  |  Filter description checkbox        [ ]  |
		|___________________________________________|__________________________________________|
		|                   1                       | checked the 1st time the page loads      |
		|___________________________________________|__________________________________________|
		|                   0                       | unchecked  the 1st time the page loads   |
		|___________________________________________|__________________________________________|	-->
		
		<file name="catalog/view/theme/*/template/product/search.tpl" >
		
			<operation error="skip" >
				<search position="replace" ><![CDATA[<?php if ($description) { ?>]]></search>
				<add><![CDATA[
					<script>

					$(document).ready(function() {

						$('input[name=description]').click(function(){
						
							if ($(this).is(':checked')){
							
								$(this).val(true);
								
								<?php
								// change links to the "sort by" select
								?>
								$('.product-filter .sort select option').each(function() {
								
									var old_url=$(this).val();
									new_url = old_url.replace(/description=false/g,'description=true');
									$(this).attr('value',new_url);	
								});
							}
							else { 	
							
								$(this).val(false);
								$(this).removeAttr('checked');
								
								<?php
								// change links to the "sort by" select
								?>
								$('.product-filter .sort select option').each(function() {
								
									var old_url=$(this).val();
									new_url = old_url.replace(/description=true/g,'description=false');
									$(this).attr('value',new_url);	
								});
								
							}
						});
	
					});
					

					</script>
						 
					<?php if ( (!isset($_GET['description']) && isset($adsmart_search_relevance['description'])) || (isset($_GET['description']) && $_GET['description'] == 'true') ) { ?>

				]]></add>
			</operation>	

			<operation error="skip" >
				<!-- used "replace" instead of "after" because for some reason it doesn't work -->
				<search position="replace" ><![CDATA[url += '&description=true';]]></search>
				<add><![CDATA[
						url += '&description=true';
					}
					else { 	
						url += '&description=false';
				]]></add>
			</operation>	

		</file>	

	
		<!-- OC < 1.5.5 - checkbox "Filter description" - $filter_description -->
		<file name="catalog/view/theme/*/template/product/search.tpl" >
			<operation error="skip" >
				<search position="replace" ><![CDATA[<?php if ($filter_description) { ?>]]></search>
				<add><![CDATA[
					<script>
					$(document).ready(function() {

						$('input[name=filter_description]').click(function(){
						
							if ($(this).is(':checked')){
							
								$(this).val(true);
								
								<?php
								// change links to the "sort by" select
								?>
								$('.product-filter .sort select option').each(function() {
								
									var old_url=$(this).val();
									new_url = old_url.replace(/description=false/g,'description=true');
									$(this).attr('value',new_url);	
								});	
							}
							else { 	
							
								$(this).val(false);
								$(this).removeAttr('checked');
								
								<?php
								// change links to the "sort by" select
								?>
								$('.product-filter .sort select option').each(function() {
								
									var old_url=$(this).val();
									new_url = old_url.replace(/description=true/g,'description=false');
									$(this).attr('value',new_url);	
								});
							}
						});
					});
					</script>
						 
					<?php if ( (!isset($_GET['filter_description']) && isset($adsmart_search_relevance['description'])) || (isset($_GET['filter_description']) && $_GET['filter_description'] == 'true') ) { ?>

				]]></add>
			</operation>	

			<!-- Add the value "false" to the parameter "filter_description"  -->
			<operation error="skip" >
				<search position="replace" ><![CDATA[url += '&filter_description=true';]]></search>
				<add><![CDATA[
				
						url += '&filter_description=true';
					}
					else { 	
						url += '&filter_description=false';
				]]></add>
			</operation>	
		</file>	
		
		
		<!-- Debug output (for the default search only (Live Search uses a json variable to print out debug info) -->
		<file name="catalog/view/theme/*/template/common/header.tpl">
			<operation >
				<search position="after"  regex="true" ><![CDATA[/[<](body)([.]*)/]]></search>
				<add><![CDATA[
				
					<?php if (ADSMART_SRC_DEBUG || ADSMART_SRC_DEBUG_SHOW_SQL || ADSMART_SRC_SPEED_TEST ) { ?>
						
						<div class="debug" style="height: 200px;overflow-y:scroll;">
		
							<?php echo isset($_SESSION['adsmart_src_debug'])? $_SESSION['adsmart_src_debug'] : ''; ?>
						</div>
					<?php } ?>
				
					]]></add>
			</operation>	
		</file>	

	<!-- End Template (catalog) -->
	
	
		<!-- Journal 2 Patch (minify doesn't work with php files) -->
		
		<file name="catalog/view/theme/journal2/template/common/header.tpl" error="skip">
			<operation >
				<search position="replace" error="skip" ><![CDATA[<?php $this->journal2->minifier->addStyle($style['href']); ?>]]></search>
				<add><![CDATA[
				
					<?php if (strpos($style['href'], 'adsmartsearch') !== false) { ?>
					<link rel="stylesheet" href="<?php echo $style['href']; ?>" />
					<?php } else {
						$this->journal2->minifier->addStyle($style['href']); 
						}
					?>
								
					]]></add>
			</operation>	
		</file>	
	
<!-- End Catalog -->
	
	

</modification>