{
    "codename": "d_event_manager",
    "version": "1.3.10",
    "name": "Event Manager",
    "description": "Manage your events and add Event support to old OC versions.",
    "author": {
        "name": "Shopunity",
        "email": "info@shopunity.com",
        "url": "https://shopunity.net/"
    },
    "opencart_version": [
        "2.0.0.0",
        "2.0.1.0",
        "2.0.1.1",
        "2.0.2.0",
        "2.0.3.1",
        "2.1.0.1",
        "2.1.0.2",
        "2.2.0.0",
        "2.3.0.0",
        "2.3.0.1",
        "2.3.0.2"
    ],
    "type": "library",
    "license": {
        "type": "free",
        "url": "https://shopunity.net/licenses/free"
    },
    "support": {
        "email": "support@shopunity.com",
        "url": "https://shopunity.net/"
    },
    "required": {
        "d_opencart_patch": ">=1.0.0"
    },
    "files": [
        "system/mbooth/extension/d_event_manager.json",
        "system/library/d_shopunity/extension/d_event_manager.json",
        "system/library/d_shopunity/install/d_event_manager.xml",
        "system/config/d_event_manager.php",
        "system/d_event_manager.ocmod.xml",
        "admin/model/extension/module/d_event_manager.php",
        "admin/model/module/d_event_manager.php",
        "vqmod/xml/a_vqmod_d_event_manager.xml"
    ],
    "dirs":[
        "system/library/d_event_manager"
    ],
    "changelog": [
        {
            "version":"1.3.10",
            "change":"Changed modification xml to remove offset"
        },
        {
            "version":"1.4.0",
            "change":"Fix backward compatibility while first addEvent"
        },
        {
            "version":"1.3.8",
            "change":"Bugfix for wildcard in 2.3.x"
        },
        {
            "version":"1.3.7",
            "change":"Bugfix in admin modal event"
        },
        {
            "version":"1.3.6",
            "change":"Bugfix for loader where data and not args"
        },
        {
            "version":"1.3.5",
            "change":"Bugfix"
        },
        {
            "version":"1.3.4",
            "change":"Added support for new route value in after in catalog"
        },
        {
            "version":"1.3.3",
            "change":"Fixed bug with before in view in Ocmod"
        },
        {
            "version":"1.3.2",
            "change":"Fixed bug with before in view"
        },
        {
            "version":"1.3.1",
            "change":"Ported 3 view pattern"
        },
        {
            "version":"1.3.0",
            "change":"Added skipped models"
        },
        {
            "version":"1.2.3",
            "change":"Removed date_added"
        },
        {
            "version":"1.2.2",
            "change":"Bug fixes"
        },
        {
            "version":"1.2.1",
            "change":"Bug fixes"
        },
        {
            "version":"1.2.0",
            "change":"removed admin, new folder structure"
        },
        {
            "version":"1.1.4",
            "change": "Hotfix"
        },
        {
            "version":"1.1.3",
            "change": "Fix for 2.0.3.x and below"
        },
        {
            "version":"1.1.2",
            "change": "Fixes for old themes"
        },
        {
            "version":"1.1.1",
            "change": "Backwards comaptibility fixes"
        },
        {
            "version":"1.1.0",
            "change": "Added model method to install and uninstall compatibility"
        },
        {
            "version":"1.0.7",
            "change": "minor bug fix."
        },
        {
            "version":"1.0.6",
            "change": "hotfix."
        },
        {
            "version":"1.0.5",
            "change": "Renamed ocmod file name to d_event_manager."
        },
        {
            "version":"1.0.4",
            "change": "Hot fix: remove FB."
        },
        {
            "version":"1.0.3",
            "change": "Hot fix: admin filter bug."
        },
        {
            "version":"1.0.2",
            "change": "Hot fix: location catalog & admin, output validated in view."
        },
        {
            "version":"1.0.1",
            "change": "Hot fix"
        },
        {
            "version":"1.0.0",
            "change": "First release"
        }
    ]
}