{
    "codename": "d_opencart_patch",
    "version": "1.1.6",
    "name": "Opencart Patch 2.2.x and below.",
    "description": "Adds support for new Extension Module folder and reduces compatibility issues.",
    "author": {
        "name": "Shopunity",
        "email": "info@shopunity.com",
        "url": "https://shopunity.net/"
    },
    "opencart_version": [
        "2.0.0.0",
        "2.0.1.0",
        "2.0.1.1",
        "2.0.2.0",
        "2.0.3.1",
        "2.1.0.1",
        "2.1.0.2",
        "2.2.0.0"
    ],
    "type": "library",
    "license": {
        "type": "free",
        "url": "https://shopunity.net/licenses/free"
    },
    "install": {
        "url": "extension/d_shopunity/modification/install&codename=d_opencart_patch",
        "xml": "system/library/d_shopunity/install/d_opencart_patch.xml"
    },
    "uninstall": {
       "url": "extension/d_shopunity/modification/uninstall&codename=d_opencart_patch"
    },
    "support": {
        "email": "support@shopunity.com",
        "url": "https://shopunity.net/"
    },
    "files": [
        "system/library/d_shopunity/extension/d_opencart_patch.json",
        "system/library/d_shopunity/install/d_opencart_patch.xml",
        "system/library/d_shopunity/readme/d_opencart_patch.md",
        "admin/controller/module/d_opencart_patch.php",
        "admin/language/english/module/d_opencart_patch.php"
    ],
    "dirs": [
        "admin/model/extension/d_opencart_patch",
        "catalog/model/extension/d_opencart_patch"
    ],
    "changelog": [
        {
            "version":"1.1.6",
            "change": "fix settingValue func"
        },
      {
            "version":"1.1.5",
            "change": "fix permissison"
        },
        {
            "version":"1.1.4",
            "change": "fix cache clear"
        },
        {
            "version":"1.1.3",
            "change": "Added support for image svg"
        },
        {
            "version":"1.1.2",
            "change": "fix model settings ; add svg support by default;add getCustomerGroups"
        },
        {
            "version":"1.1.1",
            "change": "remove readme"
        },
        {
            "version":"1.1.0",
            "change": "Added cache model"
        },
        {
            "version":"1.0.18",
            "change": "Added fix for config_ssl"
        },
        {
            "version":"1.0.17",
            "change": "bugfix for events"
        },
        {
            "version":"1.0.16",
            "change": "Remvoved check for modifications with d_"
        },
        {
            "version":"1.0.15",
            "change": "Added fix in user_permission"
        },
        {
            "version":"1.0.14",
            "change": "Model/extension bugfix"
        },
        {
            "version":"1.0.13",
            "change": "Fix bug in catalog/model/user"
        },
        {
            "version":"1.0.12",
            "change": "Old php bug fix in modification"
        },
        {
            "version":"1.0.11",
            "change": "Fix for total models"
        },
        {
            "version":"1.0.10",
            "change": "Fixed layout design language for modules"
        },
        {
            "version":"1.0.9",
            "change": "Bug fix"
        },
        {
            "version":"1.0.8",
            "change": "Added support for extension shipping, payment, dashboard, fraud and feed."
        },
        {
            "version":"1.0.7",
            "change": "Update url and load models."
        },
        {
            "version":"1.0.6",
            "change": "Added url->ajax model."
        },
        {
            "version":"1.0.5",
            "change": "Added Url model"
        },
        {
            "version":"1.0.4",
            "change": "Hotfix. fix conflict with thrid-party Modification"
        },
        {
            "version":"1.0.3",
            "change": "Support for newer default language en-gb"
        },
        {
            "version":"1.0.2",
            "change": "Added user token"
        },
        {
            "version":"1.0.1",
            "change": "Added support for extension/dashboard permissions"
        },
        {
            "version":"1.0.0",
            "change": "Initial release"
        }
    ]
}
