{
    "codename": "d_twig_manager",
    "version": "1.5.7",
    "name": "Twig Manager",
    "description": "Add twig support to you opencart and manage your twig template files",
    "author": {
        "name": "Dreamvention",
        "email": "info@dreamvention.com",
        "url": "https://dreamvention.com"
    },
    "opencart_version": [
        "2.0.0.0",
        "2.0.1.0",
        "2.0.1.1",
        "2.0.2.0",
        "2.0.3.1",
        "2.1.0.1",
        "2.1.0.2",
        "2.2.0.0",
        "2.3.0.0",
        "2.3.0.1",
        "2.3.0.2"
    ],
    "type": "library",
    "license": {
        "type": "free",
        "url": "https://shopunity.net/licenses/free"
    },
    "uninstall": {
        "url": "extension/d_shopunity/modification/uninstall&codename=d_twig_manager"
    },
    "support": {
        "email": "support@dreamvention.com",
        "url": "https:/dreamvention.com/support"
    },
    "required": {
        "d_opencart_patch": ">=1.0.0",
        "d_twig": ">=1.29.0"
    },
    "files": [
        "system/mbooth/extension/d_twig_manager.json",
        "admin/model/module/d_twig_manager.php",

        "system/library/d_shopunity/extension/d_twig_manager.json",
        "system/library/d_shopunity/install/d_twig_manager.xml",

        "admin/controller/event/d_twig_manager.php",
        "admin/model/extension/module/d_twig_manager.php",

        "catalog/controller/event/d_twig_manager.php",
        "catalog/model/extension/module/d_twig_manager.php",
        
        "system/library/template/Twig/Extension/DTwigManager.php"
    ],
    "changelog": [
        {
            "varsion":"1.5.7",
            "change": "Fix for Check of modification status of Twig"
        },
        {
            "varsion":"1.5.6",
            "change": "Check for modification status of Twig"
        },
        {
            "varsion":"1.5.5",
            "change": "Simplified the twig compatibility activation"
        },
        {
            "varsion":"1.5.4",
            "change": "Fixed a conflict for 2.1.0.0 and below when tpl files do not exist."
        },
        {
            "varsion":"1.5.3",
            "change": "Removed autoload"
        },
        {
            "varsion":"1.5.2",
            "change": "Bug fixes"
        },
        {
            "varsion":"1.5.1",
            "change": "1. Added isCompatible"
        },
        {
            "varsion":"1.5.0",
            "change": "1. Removed Admin"
        },
        {
            "varsion":"1.4.1",
            "change": "1. Bug fix."
        },
        {
            "varsion":"1.4.0",
            "change": "1. Support new shopunity structure."
        },
        {
            "varsion":"1.3.2",
            "change": "1. rollback to return false. Fix columns issue."
        },
        {
            "varsion":"1.3.1",
            "change": "1. reduce conflict issue."
        },
        {
            "varsion":"1.3.0",
            "change": "1. Added install and uninstall compatibility model method."
        },
        {
            "varsion":"1.2.2",
            "change": "1. bug fixes."
        },
        {
            "varsion":"1.2.1",
            "change": "1. fix missing tpl files."
        },
        {
            "varsion":"1.2.0",
            "change": "1. changed events for OCMOD implementation - less conflicts. \r\n 2. Removed d_event_manager from required."
        },
        {
            "varsion":"1.1.0",
            "change": "1. Add partial support and debug. \r\n 2. Fix event bug that blocked other events"
        },
        {
            "varsion":"1.0.0",
            "change": "First release"
        }
    ]
}