{
  "codename": "d_visual_designer",
  "version": "3.0.6",
  "name": "Visual Designer",
  "description": "Amazing page builder that will blow your mind away. Try out the lite version and swith to pro when you are ready build professional landing pages.",
  "index": "extension/module/d_visual_designer",
  "readme": "system/mbooth/readme/d_visual_designer.md",
  "author": {
    "name": "Dreamvention",
    "email": "info@dreamvention.com",
    "url": "https://dreamvention.com/"
  },
  "opencart_version": "2-4",
  "type": "module",
  "license": {
    "type": "free",
    "url": "https://shopunity.net/licenses/free"
  },
  "install": {
    "url": "extension/extension/module/install&extension=d_visual_designer"
  },
  "support": {
    "email": "support@dreamvention.com",
    "url": "https://dreamvention.com/support"
  },
  "required": {
    "d_opencart_patch": ">= 1.0.0",
    "d_event_manager": ">= 1.3.3",
    "d_simple_html_dom": ">= 1.0.4",
    "d_elfinder": ">= 1.0.0",
    "d_twig_manager": ">= 1.4.1",
    "d_bootstrap_extra": ">= 1.0.1",
    "d_bootstrap_switch": ">= 3.3.5",
    "d_riot": ">= 3.5.0",
    "d_twig_partial": ">= 1.0.0",
    "d_admin_style": ">= 1.0.0",
    "d_alertify": ">= 1.11.1",
    "d_shortcode_reader_writer": ">=1.0.0",
    "d_validator": ">=1.0.2"
  },
  "files": [
    "catalog/view/theme/default/template/extension/d_visual_designer/compress/content_blocks.tag",
    "system/library/d_shopunity/extension/d_visual_designer.json",
    "system/config/d_visual_designer.php",

    "system/config/d_visual_designer_route/category.php",
    "system/config/d_visual_designer_route/information.php",
    "system/config/d_visual_designer_route/product.php",
    "system/config/d_visual_designer_route/template.php",

    "system/config/d_visual_designer/column.php",
    "system/config/d_visual_designer/column_inner.php",
    "system/config/d_visual_designer/row.php",
    "system/config/d_visual_designer/row_inner.php",
    "system/config/d_visual_designer/text.php",
    "system/config/d_visual_designer/image.php",
    "system/config/d_visual_designer/section_wrapper.php",

    "admin/controller/extension/module/d_visual_designer.php",
    "admin/controller/extension/event/d_visual_designer.php",
    "admin/language/en-gb/extension/module/d_visual_designer.php",
    "admin/language/english/extension/module/d_visual_designer.php",
    "admin/language/ru-ru/extension/module/d_visual_designer.php",
    "admin/language/russian/extension/module/d_visual_designer.php",
    "admin/model/extension/module/d_visual_designer.php",
    "admin/view/javascript/d_visual_designer/main.js",
    "admin/view/javascript/d_visual_designer/model/block.js",
    "admin/view/javascript/d_visual_designer/model/block_front.js",
    "admin/view/javascript/d_visual_designer/model/frontend.js",
    "admin/view/javascript/d_visual_designer/model/content.js",
    "admin/view/javascript/d_visual_designer/model/designer.js",
    "admin/view/javascript/d_visual_designer/model/history.js",
    "admin/view/javascript/d_visual_designer/model/template.js",
    "admin/view/javascript/d_visual_designer/model/sortable.js",
    "admin/view/template/extension/d_visual_designer/field.twig",
    "admin/view/template/extension/d_visual_designer/welcome.twig",
    "admin/view/template/extension/d_visual_designer/designer.twig",
    "admin/view/template/extension/d_visual_designer/frontend_editor.twig",
    "admin/view/template/extension/d_visual_designer/instruction.twig",
    "admin/view/template/extension/d_visual_designer/setting.twig",
    "admin/view/template/extension/d_visual_designer/template_form.twig",
    "admin/view/template/extension/d_visual_designer/template_list.twig",

    "catalog/controller/extension/event/d_visual_designer.php",
    "catalog/model/extension/module/d_visual_designer.php",
    "catalog/view/theme/default/javascript/d_visual_designer/main.js",
    "catalog/view/theme/default/javascript/d_visual_designer/core/sortable.js",
    "catalog/view/theme/default/javascript/d_visual_designer/core/block.js",
    "catalog/view/theme/default/javascript/d_visual_designer/core/component.js",
    "catalog/view/theme/default/javascript/d_visual_designer/model/block.js",
    "catalog/view/theme/default/javascript/d_visual_designer/model/block_front.js",
    "catalog/view/theme/default/javascript/d_visual_designer/model/style.js",
    "catalog/view/theme/default/javascript/d_visual_designer/model/content.js",
    "catalog/view/theme/default/javascript/d_visual_designer/model/history.js",
    "catalog/view/theme/default/template/extension/d_visual_designer/designer.twig",
    "catalog/view/theme/default/template/extension/d_visual_designer/content.twig",
    "catalog/view/theme/default/template/extension/d_visual_designer/frontend.twig",

    "admin/view/template/extension/d_visual_designer/layouts/vd-layout-children.tag",
    "admin/view/template/extension/d_visual_designer/layouts/vd-layout-main.tag",
    "admin/view/template/extension/d_visual_designer/layouts/vd-layout-medium.tag",
    "admin/view/template/extension/d_visual_designer/elements/vd-adaptive-checkobx.tag",
    "admin/view/template/extension/d_visual_designer/elements/vd-collapse.tag",
    "admin/view/template/extension/d_visual_designer/elements/vd-image.tag",
    "admin/view/template/extension/d_visual_designer/elements/vd-collapse-item.tag",
    "admin/view/template/extension/d_visual_designer/elements/vd-switcher.tag",
    "admin/view/template/extension/d_visual_designer/elements/vd-range.tag",
    "admin/view/template/extension/d_visual_designer/elements/vd-autocomplete.tag",
    "admin/view/template/extension/d_visual_designer/elements/vd-autocomplete-well.tag",
    "admin/view/template/extension/d_visual_designer/elements/vd-color-picker.tag",
    "admin/view/template/extension/d_visual_designer/elements/vd-font-picker.tag",
    "admin/view/template/extension/d_visual_designer/elements/vd-icon-picker.tag",
    "admin/view/template/extension/d_visual_designer/elements/vd-input-group.tag",
    "admin/view/template/extension/d_visual_designer/elements/vd-radio-btn-group.tag",
    "admin/view/template/extension/d_visual_designer/elements/vd-select-icon-library.tag",
    "admin/view/template/extension/d_visual_designer/elements/vd-summernote.tag",
    "admin/view/template/extension/d_visual_designer/elements/vd-tab-nav.tag",

    "admin/controller/extension/d_visual_designer_module/row.php",
    "admin/controller/extension/d_visual_designer_module/row_inner.php",
    "admin/controller/extension/d_visual_designer_module/column.php",
    "admin/controller/extension/d_visual_designer_module/column_inner.php",
    "admin/controller/extension/d_visual_designer_module/text.php",
    "admin/controller/extension/d_visual_designer_module/image.php",
    "admin/controller/extension/d_visual_designer_module/section_wrapper.php",

    "admin/language/en-gb/extension/d_visual_designer_module/row.php",
    "admin/language/en-gb/extension/d_visual_designer_module/row_inner.php",
    "admin/language/en-gb/extension/d_visual_designer_module/column.php",
    "admin/language/en-gb/extension/d_visual_designer_module/column_inner.php",
    "admin/language/en-gb/extension/d_visual_designer_module/text.php",
    "admin/language/en-gb/extension/d_visual_designer_module/image.php",
    "admin/language/en-gb/extension/d_visual_designer_module/section_wrapper.php",
    "admin/language/english/extension/d_visual_designer_module/row.php",
    "admin/language/english/extension/d_visual_designer_module/row_inner.php",
    "admin/language/english/extension/d_visual_designer_module/column.php",
    "admin/language/english/extension/d_visual_designer_module/column_inner.php",
    "admin/language/english/extension/d_visual_designer_module/text.php",
    "admin/language/english/extension/d_visual_designer_module/image.php",
    "admin/language/english/extension/d_visual_designer_module/section_wrapper.php",

    "admin/language/ru-ru/extension/d_visual_designer_module/row.php",
    "admin/language/ru-ru/extension/d_visual_designer_module/row_inner.php",
    "admin/language/ru-ru/extension/d_visual_designer_module/column_inner.php",
    "admin/language/ru-ru/extension/d_visual_designer_module/text.php",
    "admin/language/ru-ru/extension/d_visual_designer_module/image.php",
    "admin/language/ru-ru/extension/d_visual_designer_module/section_wrapper.php",
    "admin/language/russian/extension/d_visual_designer_module/row.php",
    "admin/language/russian/extension/d_visual_designer_module/row_inner.php",
    "admin/language/russian/extension/d_visual_designer_module/column.php",
    "admin/language/russian/extension/d_visual_designer_module/column_inner.php",
    "admin/language/russian/extension/d_visual_designer_module/text.php",
    "admin/language/russian/extension/d_visual_designer_module/image.php",
    "admin/language/russian/extension/d_visual_designer_module/section_wrapper.php",

    "admin/model/extension/d_visual_designer_module/image.php",

    "admin/view/template/extension/d_visual_designer/content_blocks/vd-block-row.tag",
    "admin/view/template/extension/d_visual_designer/settings_block/vd-setting-block-row.tag",
    "admin/view/template/extension/d_visual_designer/content_blocks/vd-block-section_wrapper.tag",
    "admin/view/template/extension/d_visual_designer/settings_block/vd-setting-block-section_wrapper.tag",
    "admin/view/template/extension/d_visual_designer/layouts/vd-layout-main-wrapper.tag",
    "admin/view/template/extension/d_visual_designer/content_blocks/vd-block-row_inner.tag",
    "admin/view/template/extension/d_visual_designer/settings_block/vd-setting-block-row_inner.tag",
    "admin/view/template/extension/d_visual_designer/layouts/vd-layout-row_inner.tag",
    "admin/view/template/extension/d_visual_designer/layout_blocks/vd-layout-block-row.tag",
    "admin/view/template/extension/d_visual_designer/layout_blocks/vd-layout-block-row_inner.tag",
    "admin/view/template/extension/d_visual_designer/content_blocks/vd-block-column.tag",
    "admin/view/template/extension/d_visual_designer/settings_block/vd-setting-block-column.tag",
    "admin/view/template/extension/d_visual_designer/content_blocks/vd-block-column_inner.tag",
    "admin/view/template/extension/d_visual_designer/settings_block/vd-setting-block-column_inner.tag",
    "admin/view/template/extension/d_visual_designer/layouts/vd-layout-column_inner.tag",
    "admin/view/template/extension/d_visual_designer/settings_block/vd-setting-block-text.tag",
    "admin/view/template/extension/d_visual_designer/settings_block/vd-setting-block-image.tag",

    "admin/view/template/extension/d_visual_designer_module/column.twig",
    "admin/view/template/extension/d_visual_designer_module/column_inner.twig",
    "admin/view/template/extension/d_visual_designer_module/image.twig",
    "admin/view/template/extension/d_visual_designer_module/row.twig",
    "admin/view/template/extension/d_visual_designer_module/section_wrapper.twig",
    "admin/view/template/extension/d_visual_designer_module/row_inner.twig",
    "admin/view/template/extension/d_visual_designer_module/text.twig",

    "catalog/controller/extension/d_visual_designer_module/text.php",
    "catalog/controller/extension/d_visual_designer_module/image.php",

    "catalog/language/en-gb/extension/d_visual_designer_module/row.php",
    "catalog/language/en-gb/extension/d_visual_designer_module/row_inner.php",
    "catalog/language/en-gb/extension/d_visual_designer_module/column.php",
    "catalog/language/en-gb/extension/d_visual_designer_module/column_inner.php",
    "catalog/language/en-gb/extension/d_visual_designer_module/text.php",
    "catalog/language/en-gb/extension/d_visual_designer_module/image.php",
    "catalog/language/en-gb/extension/d_visual_designer_module/section_wrapper.php",
    "catalog/language/english/extension/d_visual_designer_module/row.php",
    "catalog/language/english/extension/d_visual_designer_module/row_inner.php",
    "catalog/language/english/extension/d_visual_designer_module/column.php",
    "catalog/language/english/extension/d_visual_designer_module/column_inner.php",
    "catalog/language/english/extension/d_visual_designer_module/text.php",
    "catalog/language/english/extension/d_visual_designer_module/image.php",
    "catalog/language/english/extension/d_visual_designer_module/section_wrapper.php",

    "catalog/language/ru-ru/extension/d_visual_designer_module/row.php",
    "catalog/language/ru-ru/extension/d_visual_designer_module/row_inner.php",
    "catalog/language/ru-ru/extension/d_visual_designer_module/column.php",
    "catalog/language/ru-ru/extension/d_visual_designer_module/column_inner.php",
    "catalog/language/ru-ru/extension/d_visual_designer_module/text.php",
    "catalog/language/ru-ru/extension/d_visual_designer_module/image.php",
    "catalog/language/ru-ru/extension/d_visual_designer_module/section_wrapper.php",
    "catalog/language/russian/extension/d_visual_designer_module/row.php",
    "catalog/language/russian/extension/d_visual_designer_module/row_inner.php",
    "catalog/language/russian/extension/d_visual_designer_module/column.php",
    "catalog/language/russian/extension/d_visual_designer_module/column_inner.php",
    "catalog/language/russian/extension/d_visual_designer_module/text.php",
    "catalog/language/russian/extension/d_visual_designer_module/image.php",
    "catalog/language/russian/extension/d_visual_designer_module/section_wrapper.php",

    "catalog/view/theme/default/template/extension/d_visual_designer/content_blocks/vd-block-row.tag",
    "catalog/view/theme/default/template/extension/d_visual_designer/content_blocks/vd-block-row_inner.tag",
    "catalog/view/theme/default/template/extension/d_visual_designer/layouts/vd-layout-row_inner.tag",
    "catalog/view/theme/default/template/extension/d_visual_designer/content_blocks/vd-block-column.tag",
    "catalog/view/theme/default/template/extension/d_visual_designer/content_blocks/vd-block-column_inner.tag",
    "catalog/view/theme/default/template/extension/d_visual_designer/layouts/vd-layout-column_inner.tag",
    "catalog/view/theme/default/template/extension/d_visual_designer/content_blocks/vd-block-text.tag",
    "catalog/view/theme/default/template/extension/d_visual_designer/content_blocks/vd-block-image.tag",
    "catalog/view/theme/default/template/extension/d_visual_designer/content_blocks/vd-block-section_wrapper.tag",
    "catalog/view/theme/default/template/extension/d_visual_designer/layouts/vd-layout-main-wrapper.tag",

    "catalog/view/theme/default/template/extension/d_visual_designer_module/column.twig",
    "catalog/view/theme/default/template/extension/d_visual_designer_module/column_inner.twig",
    "catalog/view/theme/default/template/extension/d_visual_designer_module/image.twig",
    "catalog/view/theme/default/template/extension/d_visual_designer_module/row.twig",
    "catalog/view/theme/default/template/extension/d_visual_designer_module/row_inner.twig",
    "catalog/view/theme/default/template/extension/d_visual_designer_module/text.twig",
    "catalog/view/theme/default/template/extension/d_visual_designer_module/section_wrapper.twig",

    "catalog/view/theme/default/template/extension/d_visual_designer/elements/vd-product.tag",
    "catalog/view/theme/default/template/extension/d_visual_designer/layouts/vd-layout-main.tag",
    "catalog/view/theme/default/template/extension/d_visual_designer/layouts/vd-layout-children.tag",
    "catalog/view/theme/default/template/extension/d_visual_designer/layouts/vd-layout-medium.tag",

    "image/catalog/d_visual_designer/row.svg",
    "image/catalog/d_visual_designer/row_inner.svg",
    "image/catalog/d_visual_designer/column.svg",
    "image/catalog/d_visual_designer/text.svg",
    "image/catalog/d_visual_designer/image.svg",
    "image/catalog/d_visual_designer/section_wrapper.svg"
  ],
  "dirs": [
    "admin/controller/extension/d_visual_designer",
    "admin/language/en-gb/extension/d_visual_designer",
    "admin/language/english/extension/d_visual_designer",
    "admin/language/ru-ru/extension/d_visual_designer",
    "admin/language/russian/extension/d_visual_designer",
    "admin/model/extension/d_visual_designer",
    "admin/view/template/extension/d_visual_designer/components",
    "admin/view/template/extension/d_visual_designer/popups",
    "admin/view/template/extension/d_visual_designer/partials",
    "admin/view/stylesheet/d_visual_designer",
    "admin/view/image/d_visual_designer",
    "admin/view/javascript/d_visual_designer/dist",

    "catalog/controller/extension/d_visual_designer",
    "catalog/language/en-gb/extension/d_visual_designer",
    "catalog/language/english/extension/d_visual_designer",
    "catalog/language/ru-ru/extension/d_visual_designer",
    "catalog/language/russian/extension/d_visual_designer",
    "catalog/view/theme/default/template/extension/d_visual_designer/components",
    "catalog/view/theme/default/stylesheet/d_visual_designer",
    "catalog/view/theme/default/image/d_visual_designer",
    "catalog/view/theme/default/template/extension/d_visual_designer/partials",
    "catalog/view/javascript/d_visual_designer/dist"
  ],
  "changelog": [
    {
      "version": "3.0.6",
      "change": "Validator dependency"
    },
    {
      "version": "3.0.5",
      "change": "sem var"
    },
    {
      "version": "3.0.4",
      "change": "Bugs Fixed"
    },
	{
      "version": "3.0.3",
      "change": "Added d_shoprtcode_reader_writer library. Reworked view for products, categories and informational pages. Added support OC 3.0.3.1."
    },
    {
      "version": "3.0.2",
      "change": "Remove some bootsrap normilize rules to reduce theme overloading"
    },
    {
      "version": "3.0.1",
      "change": "Fix bug with create child blocks. Fix bug with checkbox."
    },
    {
      "version": "3.0.0",
      "change": "Bug fix"
    },
    {
      "version": "2.2.9",
      "change": "Bug fix"
    },
    {
      "version": "2.2.8",
      "change": "Bug fix"
    },
    {
      "version": "2.2.7",
      "change": "Changed extension_id to 125"
    },
    {
      "version": "2.2.6",
      "change": "Bug fix"
    },
    {
      "version": "2.2.5",
      "change": "Bug fix"
    },
    {
      "version": "2.2.4",
      "change": "Bug fix"
    },
    {
      "version": "2.2.3",
      "change": "Bug fix: limit description in module featured"
    },
    {
      "version": "2.2.2",
      "change": "Bug fix: token in catalog"
    },
    {
      "version": "2.2.1",
      "change": "Bug fix"
    },
    {
      "version": "2.2.0",
      "change": "1.Fix for OC 3.0.0.0."
    },
    {
      "version": "2.1.2",
      "change": "1.Fix bugs."
    },
    {
      "version": "2.1.1",
      "change": "1.Added notification for free version."
    },
    {
      "version": "2.1.0",
      "change": "1.Added parallax. \r\n2.Added Code Viewer. \r\n3.Fix bugs. \r\n4.Added animate for control button. \r\n5.OCMOD replaced to Events \r\n6.Added the ability to disable the Visual Designer separately on the pages of goods, categories, information. \r\n7.Added the ability to restrict access to Visual Designer for selected users or groups of users."
    },
    {
      "version": "2.0.9",
      "change": "1.Fix bugs."
    },
    {
      "version": "2.0.8",
      "change": "1.Fix bugs."
    },
    {
      "version": "2.0.7",
      "change": "1. Added offset column. \n\r2.Fix bugs."
    },
    {
      "version": "2.0.6",
      "change": "1. Added permission on frontend editor. \n\r2.Fix Bugs."
    },
    {
      "version": "2.0.5",
      "change": "1. Added loader on frontend editor. \n\r2.Fix Styles. \n\r3.Add image to template list"
    },
    {
      "version": "2.0.4",
      "change": "1. Divided adding and saving a template. \n\r2. Redesign save template. \n\r3.Added categories of blocks. \n\r4.Added categories of templates \n\r4.Fix bugs."
    },
    {
      "version": "2.0.3",
      "change": "1.Fix bugs. \r\n 2.Redesigned popup window for editing layout. \r\n3.Redesigned popup window for template selection."
    },
    {
      "version": "2.0.2",
      "change": "Fix ocmod frontend"
    },
    {
      "version": "2.0.1",
      "change": "Fix bugs"
    },
    {
      "version": "2.0.0",
      "change": "First version"
    }
  ]
}
