<?xml version="1.0" encoding="utf-8"?>
<!--index dimulai dari 0, offset dimulai dari 1-->
<modification>
  <code>Search_Model_for_Product_Option</code>
  <name>Search Model for Product Option</name>
  <version>1.0</version>
  <author>farid</author>
  <link>mail:opencartplugin@gmail.com</link>
  <file path="catalog/controller/extension/module/ptsearch.php">
    <operation>
      <search><![CDATA['filter_category_id'  => $category_id]]></search>
      <add position="after">
        <![CDATA[
            //frd
            ,'filter_pt' => true
        ]]>
      </add>
    </operation>
  </file>
  <file path="catalog/controller/product/search.php">
    <operation>
      <search><![CDATA['limit'               => $limit]]></search>
      <add position="after">
        <![CDATA[
          //frd
          ,'filter_option' => true
        ]]>
      </add>
    </operation>
  </file>
  <file path="catalog/model/catalog/product.php">
    <operation>
      <search index="1"><![CDATA[if (!empty($data['filter_name'])) {]]></search>
      <add position="before">
        <![CDATA[
        //frd
        $productIds = array();
        if (isset($data['filter_pt']) && $data['filter_pt'] == true && !empty($data['filter_name'])) {
          $model_query = $this->db->query("SELECT DISTINCT product_id FROM " . DB_PREFIX . "product_option_value WHERE model LIKE '%" . $this->db->escape($data['filter_name']) . "%'");
          foreach ($model_query->rows as $result) {
            $productIds[] = $result['product_id'];
          }
        }

        $productIds2 = array();
        if (isset($data['filter_option']) && $data['filter_option'] == true && !empty($data['filter_name'])) {
          $model_query2 = $this->db->query("SELECT DISTINCT product_id FROM " . DB_PREFIX . "product_option_value WHERE model LIKE '%" . $this->db->escape($data['filter_name']) . "%'");
          foreach ($model_query2->rows as $result) {
            $productIds2[] = $result['product_id'];
          }
        }
        //
        ]]>
      </add>
    </operation>
    <operation error="log">
      <search index="0"><![CDATA[$sql .= " OR LCASE(p.mpn) = '" . $this->db->escape(utf8_strtolower($data['filter_name'])) . "'";]]></search>  
      <add position="after"><![CDATA[
          //frd
          if (!empty($productIds)) {
            $sql .= " OR p.product_id IN (" . implode(",", $productIds) . ")";
          }
          if (!empty($productIds2)) {
            $sql .= " OR p.product_id IN (" . implode(",", $productIds2) . ")";
          }
          //--

          ]]>
      </add>  
    </operation>
  </file>
</modification>
