<?xml version="1.0" encoding="utf-8"?>
<!--index dimulai dari 0, offset dimulai dari 1-->
<modification>
  <code>Add_Option_Model_on_Page_Order_and_Email</code>
  <name>Add Option Model on Page Order and Email</name>
  <version>1.0</version>
  <author>farid</author>
  <link>mail:opencartplugin@gmail.com</link>
  <file path="admin/controller/sale/order.php">
    <operation>
      <search index="0"><![CDATA['type'  => $option['type']]]></search>
      <add position="after">
        <![CDATA[,'model' => $option['model'] //frd]]>
      </add>
    </operation>
  </file>
  <file path="admin/model/sale/order.php">
    <operation>
      <search><![CDATA[public function getOrderOptions($order_id, $order_product_id) {]]></search>
      <add position="replace"><![CDATA[public function getOrderOptions_old($order_id, $order_product_id) {]]></add>
    </operation>
    <operation>
      <search><![CDATA[public function getOrderOptions_old($order_id, $order_product_id) {]]></search>
      <add position="before"><![CDATA[
        public function getOrderOptions($order_id, $order_product_id) { //frd
          $query = $this->db->query("SELECT * FROM " . DB_PREFIX . "order_option op LEFT JOIN " . DB_PREFIX . "product_option_value pov ON (op.product_option_value_id = pov.product_option_value_id) WHERE order_id = '" . (int)$order_id . "' AND order_product_id = '" . (int)$order_product_id . "'");
          // echo '<pre>' . print_r($query->rows,true) . '</pre>';
          return $query->rows;
        }
      ]]>
      </add>
    </operation>

  </file>
  
  <file path="admin/view/template/sale/order_info.twig">
    <operation>
      <search><![CDATA[&nbsp;<small> - {{ option.name }}: {{ option.value }}</small> {% else %}]]></search>
      <add position="replace"><![CDATA[&nbsp;<small> - {{ option.name }}: {{ option.value }}<!--frd--><br>&nbsp;&nbsp;&nbsp;&nbsp;{{option.model }}<!--frd--></small> {% else %}]]></add>
    </operation>
  </file>
  <file path="catalog/model/checkout/order.php">
    <operation>
      <search><![CDATA[public function getOrderOptions($order_id, $order_product_id) {]]></search>
      <add position="replace"><![CDATA[public function getOrderOptions_old($order_id, $order_product_id) {]]></add>
    </operation>
    <operation>
      <search><![CDATA[public function getOrderOptions_old($order_id, $order_product_id) {]]></search>
      <add position="before"><![CDATA[
        public function getOrderOptions($order_id, $order_product_id) { //frd
            $query = $this->db->query("SELECT * FROM " . DB_PREFIX . "order_option op LEFT JOIN " . DB_PREFIX . "product_option_value pov ON (op.product_option_value_id = pov.product_option_value_id) WHERE order_id = '" . (int)$order_id . "' AND order_product_id = '" . (int)$order_product_id . "'");
            return $query->rows;
          }
      ]]>
      </add>
    </operation>
  </file>

  <file path="catalog/view/theme/default/template/mail/order_add.twig">
    <operation>
      <search><![CDATA[&nbsp;<small> - {{ option.name }}: {{ option.value }}</small>{% endfor %}</td>]]></search>
      <add position="replace"><![CDATA[&nbsp;<small> - {{ option.name }}: {{ option.value }}<!--frd--><br>&nbsp;&nbsp;&nbsp;&nbsp;{{option.model }}<!--frd--></small>{% endfor %}</td>]]></add>
    </operation>
  </file>
  <file path="catalog/controller/mail/order.php">
    <operation>
      <search index="0"><![CDATA['value' => (utf8_strlen($value) > 20 ? utf8_substr($value, 0, 20) . '..' : $value)]]></search>
      <add position="after"><![CDATA[,'model' => $order_option['model']//frd]]></add>
    </operation>
  </file>
  <!--  
  <file path="">
    <operation>
      <search><![CDATA[]]></search>
      <add position="after"><![CDATA[]]></add>
    </operation>
  </file>
  -->  
</modification>
